<resource xmlns:xsi="http://www.w3.org/2001/XMLSchema-instance" xsi:schemaLocation="http://datacite.org/schema/kernel-4 https://schema.datacite.org/meta/kernel-4.4/metadata.xsd" xmlns="http://datacite.org/schema/kernel-4"><dates><date dateType="Available">2022-08-02</date></dates><alternateIdentifiers><alternateIdentifier alternateIdentifierType="urn">urn:nbn:at:at-ubl:3-13057</alternateIdentifier></alternateIdentifiers><identifier identifierType="DOI">10.35011/icchp-aaate22-p1-32</identifier><language>eng</language><creators><creator><creatorName nameType="Personal">Fernandez-Rivera, Claudia</creatorName><givenName> Claudia</givenName><familyName>Fernandez-Rivera</familyName></creator><creator><creatorName nameType="Personal">Boland, Sarah</creatorName><givenName> Sarah</givenName><familyName>Boland</familyName></creator><creator><creatorName nameType="Personal">Aswad, Eamon</creatorName><givenName> Eamon</givenName><familyName>Aswad</familyName></creator><creator><creatorName nameType="Personal">Gilligan, John</creatorName><givenName> John</givenName><familyName>Gilligan</familyName></creator><creator><creatorName nameType="Personal">O&#8217;Sullivan, Dympna</creatorName><givenName> Dympna</givenName><familyName>O&#8217;Sullivan</familyName></creator><creator><creatorName nameType="Personal">Murphy, Emma</creatorName><givenName> Emma</givenName><familyName>Murphy</familyName></creator></creators><titles><title>AccessDesign</title><title titleType="Subtitle">An Inclusive Co-design Toolkit for the Creation of Accessible Digital Tools</title></titles><publisher>Association ICCHP</publisher><publicationYear>2022</publicationYear><sizes><size>9 pages</size></sizes><descriptions><description descriptionType="SeriesInformation">ICCHP-AAATE 2022 Open Access Compendium "Assistive Technology, Accessibility and (e)Inclusion" Part I / Petz, Andrea ; Hoogerwerf, Evert-Jan ; Mavrou, Katerina, Seite 249-257</description><description descriptionType="Abstract">Existing toolkits and resources to support co-design are not always accessible to designers and co-designers with disabilities. In this paper we present a study based on an innovative co-design programme, in collaboration with St John of God Community Services, where 3rd year computer science students work with service users with intellectual disabilities to create digital applications together. We conducted a series of co-design focus group sessions involving the service users who were previously involved in the co-design collaboration with SJOG Services and TU Dublin. The data collected during these design sessions has been integrated to form an accessible design toolkit through a series of itera-tive workshops. This toolkit is intended to generate a sustainable resource to be reused in the programme at TU Dublin but also in the wider community of inclusive design.</description></descriptions><fundingReferences /><formats><format>PDF</format></formats><resourceType resourceTypeGeneral="Conference paper" /><rightsList><rights rightsIdentifier="CC BY 4.0" rightsURI="https://creativecommons.org/licenses/by/4.0/legalcode" /></rightsList></resource>