<resource xmlns:xsi="http://www.w3.org/2001/XMLSchema-instance" xsi:schemaLocation="http://datacite.org/schema/kernel-4 https://schema.datacite.org/meta/kernel-4.4/metadata.xsd" xmlns="http://datacite.org/schema/kernel-4"><dates><date dateType="Available">2022-08-09</date></dates><alternateIdentifiers><alternateIdentifier alternateIdentifierType="urn">urn:nbn:at:at-ubl:3-13512</alternateIdentifier></alternateIdentifiers><identifier identifierType="DOI">10.35011/icchp-aaate22-p2-30</identifier><language>eng</language><creators><creator><creatorName nameType="Personal">Doyle, Julie</creatorName><givenName> Julie</givenName><familyName>Doyle</familyName></creator><creator><creatorName nameType="Personal">Sillevis Smitt, Myriam</creatorName><givenName> Myriam</givenName><familyName>Sillevis Smitt</familyName></creator><creator><creatorName nameType="Personal">Smith, Suzanne</creatorName><givenName> Suzanne</givenName><familyName>Smith</familyName></creator><creator><creatorName nameType="Personal">McAleer, Patricia</creatorName><givenName> Patricia</givenName><familyName>McAleer</familyName></creator><creator><creatorName nameType="Personal">van Leeuwen, Cora</creatorName><givenName> Cora</givenName><familyName>van Leeuwen</familyName></creator><creator><creatorName nameType="Personal">Jacobs, An</creatorName><givenName> An</givenName><familyName>Jacobs</familyName></creator><creator><creatorName nameType="Personal">Dinsmore, John</creatorName><givenName> John</givenName><familyName>Dinsmore</familyName></creator></creators><titles><title>Older Adults&#8217; Experiences of Using Digital Health Technology for Multimorbidity Self-Management</title><title titleType="Subtitle">Findings from a Longitudinal Study</title></titles><publisher>Association ICCHP</publisher><publicationYear>2022</publicationYear><sizes><size>9 pages</size></sizes><descriptions><description descriptionType="SeriesInformation">ICCHP-AAATE 2022 Open Access Compendium "Assistive Technology, Accessibility and (e)Inclusion" Part II / Petz, Andrea ; Hoogerwerf, Evert-Jan ; Mavrou, Katerina, Seite 236-244</description><description descriptionType="Abstract">It is widely accepted that digital health technologies can support the self-management of chronic disease, aiding in symptom and lifestyle monitoring and management, encouraging behaviour change, and sharing data amongst a care network. However, little is understood about how older adults with multiple chronic conditions might digitally self-manage. In this paper, we present findings from a longitudinal 12-month trial whereby older adults with multimorbidity used the ProACT digital health platform to self-manage their conditions. Interviews were conducted with participants at four time-points during the trial and data were thematically analysed. Findings presented in this article relate to three themes, the learning journey of participants, routines and strategies of using the technology, and facilitators and barriers to use. This paper demonstrates that older adults with multiple chronic conditions are willing and capable of engaging in digital self-management, and that this cohort can develop and master the technical skills necessary for self-management.</description></descriptions><fundingReferences /><formats><format>PDF</format></formats><resourceType resourceTypeGeneral="Conference paper" /><rightsList><rights rightsIdentifier="CC BY 4.0" rightsURI="https://creativecommons.org/licenses/by/4.0/legalcode" /></rightsList></resource>