<resource xmlns:xsi="http://www.w3.org/2001/XMLSchema-instance" xsi:schemaLocation="http://datacite.org/schema/kernel-4 https://schema.datacite.org/meta/kernel-4.4/metadata.xsd" xmlns="http://datacite.org/schema/kernel-4"><dates><date dateType="Available">2022-08-02</date></dates><alternateIdentifiers><alternateIdentifier alternateIdentifierType="urn">urn:nbn:at:at-ubl:3-12767</alternateIdentifier></alternateIdentifiers><identifier identifierType="DOI">10.35011/icchp-aaate22-p1-03</identifier><language>eng</language><creators><creator><creatorName nameType="Personal">Galinski, Christian</creatorName><givenName> Christian</givenName><familyName>Galinski</familyName></creator><creator><creatorName nameType="Personal">Giraldo Perez, Blanca Stella</creatorName><givenName> Blanca Stella</givenName><familyName>Giraldo Perez</familyName></creator></creators><titles><title>H-H and H-M Communication with and among Disabled Persons in Public Transport</title><title titleType="Subtitle">TRIPS Deliverable D3.3 Report on Accessibility Standards and Legislation</title></titles><publisher>Association ICCHP</publisher><publicationYear>2022</publicationYear><sizes><size>6 pages</size></sizes><descriptions><description descriptionType="SeriesInformation">ICCHP-AAATE 2022 Open Access Compendium "Assistive Technology, Accessibility and (e)Inclusion" Part I / Petz, Andrea ; Hoogerwerf, Evert-Jan ; Mavrou, Katerina, Seite 22-27</description><description descriptionType="Abstract">This contribution deals with human communication aspects with and among persons with disabilities (PwD &#8211; also involving their carers and accom-panying persons) increasingly assisted by ICT devices/tools. Under eInclusion aspects public transport plays an important role for them to fulfil their aspirations of self-determined and as much as possible independent living including moving around in one&#8217;s own vicinity as well as travelling to other locations &#8211; even abroad. The eAccessibility of communication content can be a big barrier to such aspirations. The EU project TRIPS (TRansport Innovation for disabled People needs Satisfaction) addresses a broad range of issues in this connection. The low degree of content harmonisation across communication systems and platforms has been identified as a serious development gap in TRIPS Task 3.3 Report on Accessibility Standards and Legislation. This refers to both content entities (mostly of the microcontent type) and the methods to process and manage them.</description></descriptions><fundingReferences /><formats><format>PDF</format></formats><resourceType resourceTypeGeneral="Conference paper" /><rightsList><rights rightsIdentifier="CC BY 4.0" rightsURI="https://creativecommons.org/licenses/by/4.0/legalcode" /></rightsList></resource>