<resource xmlns:xsi="http://www.w3.org/2001/XMLSchema-instance" xsi:schemaLocation="http://datacite.org/schema/kernel-4 https://schema.datacite.org/meta/kernel-4.4/metadata.xsd" xmlns="http://datacite.org/schema/kernel-4"><dates><date dateType="Available">2022-08-02</date></dates><alternateIdentifiers><alternateIdentifier alternateIdentifierType="urn">urn:nbn:at:at-ubl:3-13118</alternateIdentifier></alternateIdentifiers><identifier identifierType="DOI">10.35011/icchp-aaate22-p1-38</identifier><language>eng</language><creators><creator><creatorName nameType="Personal">M&#225;silko, Luk&#225;&#353;</creatorName><givenName> Luk&#225;&#353;</givenName><familyName>M&#225;silko</familyName></creator></creators><titles><title>Universal Design of Inquiry-Based Mathematics Education in Universities</title></titles><publisher>Association ICCHP</publisher><publicationYear>2022</publicationYear><sizes><size>10 pages</size></sizes><descriptions><description descriptionType="SeriesInformation">ICCHP-AAATE 2022 Open Access Compendium "Assistive Technology, Accessibility and (e)Inclusion" Part I / Petz, Andrea ; Hoogerwerf, Evert-Jan ; Mavrou, Katerina, Seite 294-303</description><description descriptionType="Abstract">This article context is the teaching and learning of mathematics at university level. The article&#8217;s author was a member of the team working on the international PLATINUM that aimed to improve learning and teaching of mathematics at universities. The project partners are aware of the fact that the learning of mathematics at universities is very often procedural and students only learn to reproduce mathematical procedures in line with tests and examinations. The project partners aimed to change this trend by designing and implementing inquiry-based activities in order to create the conditions for a deeper conceptual understanding of mathematics for their students so they should have stronger analytical and problem-solving skills. They payed attention to difficulties students with identified needs may encounter in the different phases of an inquiry process. In this article, we offer two examples of teaching units to introduce readers with Universal Design recommendations we designed with respect to students with identified needs so they can actively participate in mathematics courses full of inquiry-based activities.</description></descriptions><fundingReferences /><formats><format>PDF</format></formats><resourceType resourceTypeGeneral="Conference paper" /><rightsList><rights rightsIdentifier="CC BY 4.0" rightsURI="https://creativecommons.org/licenses/by/4.0/legalcode" /></rightsList></resource>