<resource xmlns:xsi="http://www.w3.org/2001/XMLSchema-instance" xsi:schemaLocation="http://datacite.org/schema/kernel-4 https://schema.datacite.org/meta/kernel-4.4/metadata.xsd" xmlns="http://datacite.org/schema/kernel-4"><dates><date dateType="Available">2022-08-09</date></dates><alternateIdentifiers><alternateIdentifier alternateIdentifierType="urn">urn:nbn:at:at-ubl:3-13501</alternateIdentifier></alternateIdentifiers><identifier identifierType="DOI">10.35011/icchp-aaate22-p2-29</identifier><language>eng</language><creators><creator><creatorName nameType="Personal">Sillevis Smitt, Myriam</creatorName><givenName> Myriam</givenName><familyName>Sillevis Smitt</familyName></creator><creator><creatorName nameType="Personal">Doyle, Julie</creatorName><givenName> Julie</givenName><familyName>Doyle</familyName></creator><creator><creatorName nameType="Personal">Dinsmore, John</creatorName><givenName> John</givenName><familyName>Dinsmore</familyName></creator><creator><creatorName nameType="Personal">Ferrando, Maite</creatorName><givenName> Maite</givenName><familyName>Ferrando</familyName></creator><creator><creatorName nameType="Personal">Smith, Suzanne</creatorName><givenName> Suzanne</givenName><familyName>Smith</familyName></creator><creator><creatorName nameType="Personal">Polak, Sara</creatorName><givenName> Sara</givenName><familyName>Polak</familyName></creator><creator><creatorName nameType="Personal">van Leeuwen, Cora</creatorName><givenName> Cora</givenName><familyName>van Leeuwen</familyName></creator><creator><creatorName nameType="Personal">Jacobs, An</creatorName><givenName> An</givenName><familyName>Jacobs</familyName></creator></creators><titles><title>Transferability of an Integrated Care Platform</title></titles><publisher>Association ICCHP</publisher><publicationYear>2022</publicationYear><sizes><size>7 pages</size></sizes><descriptions><description descriptionType="SeriesInformation">ICCHP-AAATE 2022 Open Access Compendium "Assistive Technology, Accessibility and (e)Inclusion" Part II / Petz, Andrea ; Hoogerwerf, Evert-Jan ; Mavrou, Katerina, Seite 229-235</description><description descriptionType="Abstract">The transfer and implementation of digital health solutions from one setting to another can be challenging. This study functioned as a use case to examine the transferability of a digital integrated care platform from research to practice. In 2019, a healthcare facility in Belgium aimed to advance supported self-management and integrated care for patients with Type II diabetes, aged be-tween 18 and 75 years old. Methodology: The ProACT integrated care platform was implemented in a healthcare facility that consisted of a multidisciplinary team, monitoring a total of 12 participants with Diabetes Type II for a duration of six months. By using a qualitative method, we conducted interviews with diabetes educators, held focus groups with healthcare providers and used ethnographic documentation. Findings: The choice of using the ProACT platform was a top-down decision made by management and the qualitative data showed that the readiness and willingness of the employees to incorporate the platform hindered the implementation. They welcomed the technology, however all employ-ees noted the additional workload they experienced on top of an already full work schedule. As a result, organisation-specific, solution-specific, process-specific and individual-specific barriers were identified. Conclusion: The use case on implementing an integrated care platform outside of a research setting, corroborated barriers identified in the ProACT transferability framework. This paper will reflect on the ProACT transferability framework and highlight the practical challenges healthcare facilities could face.</description></descriptions><fundingReferences /><formats><format>PDF</format></formats><resourceType resourceTypeGeneral="Conference paper" /><rightsList><rights rightsIdentifier="CC BY 4.0" rightsURI="https://creativecommons.org/licenses/by/4.0/legalcode" /></rightsList></resource>