<resource xmlns:xsi="http://www.w3.org/2001/XMLSchema-instance" xsi:schemaLocation="http://datacite.org/schema/kernel-4 https://schema.datacite.org/meta/kernel-4.4/metadata.xsd" xmlns="http://datacite.org/schema/kernel-4"><dates><date dateType="Available">2022-08-09</date></dates><alternateIdentifiers><alternateIdentifier alternateIdentifierType="urn">urn:nbn:at:at-ubl:3-13448</alternateIdentifier></alternateIdentifiers><identifier identifierType="DOI">10.35011/icchp-aaate22-p2-23</identifier><language>eng</language><creators><creator><creatorName nameType="Personal">Switters, Jon</creatorName><givenName> Jon</givenName><familyName>Switters</familyName></creator><creator><creatorName nameType="Personal">Verma, Aashish Kumar</creatorName><givenName> Aashish Kumar</givenName><familyName>Verma</familyName></creator><creator><creatorName nameType="Personal">Mavrou Katerina</creatorName><givenName>Katerina</givenName><familyName>Mavrou</familyName></creator><creator><creatorName nameType="Personal">Boland, Sarah</creatorName><givenName> Sarah</givenName><familyName>Boland</familyName></creator><creator><creatorName nameType="Personal">Franz, Lisa</creatorName><givenName> Lisa</givenName><familyName>Franz</familyName></creator><creator><creatorName nameType="Personal">Karfitsa, Elli</creatorName><givenName> Elli</givenName><familyName>Karfitsa</familyName></creator><creator><creatorName nameType="Personal">Katsouli, Athena</creatorName><givenName> Athena</givenName><familyName>Katsouli</familyName></creator><creator><creatorName nameType="Personal">Meletiou-Mavrotheris, Maria</creatorName><givenName> Maria</givenName><familyName>Meletiou-Mavrotheris</familyName></creator><creator><creatorName nameType="Personal">Miesenberger, Klaus</creatorName><givenName> Klaus</givenName><familyName>Miesenberger</familyName></creator><creator><creatorName nameType="Personal">Petz, Andrea</creatorName><givenName> Andrea</givenName><familyName>Petz</familyName></creator><creator><creatorName nameType="Personal">Reuitbauer, Aaron</creatorName><givenName> Aaron</givenName><familyName>Reuitbauer</familyName></creator><creator><creatorName nameType="Personal">Theodorou, Eleni</creatorName><givenName> Eleni</givenName><familyName>Theodorou</familyName></creator><creator><creatorName nameType="Personal">Valoti, Ilaria</creatorName><givenName> Ilaria</givenName><familyName>Valoti</familyName></creator></creators><titles><title>Bridging the Digital Divide: A Review of the ENTELIS+ Project on the Development of Digital Accessibility Training Addressing the EU and Global Disability Policy Agendas</title></titles><publisher>Association ICCHP</publisher><publicationYear>2022</publicationYear><sizes><size>10 pages</size></sizes><descriptions><description descriptionType="SeriesInformation">ICCHP-AAATE 2022 Open Access Compendium "Assistive Technology, Accessibility and (e)Inclusion" Part II / Petz, Andrea ; Hoogerwerf, Evert-Jan ; Mavrou, Katerina, Seite 177-186</description><description descriptionType="Abstract">&#932;his paper presents the work performed in the framework of the European co-funded Project ENTELIS+, which aims at developing and implementing innovative methods and practices to foster inclusive education and enhancing the digital skills and competences of digitally excluded groups, particularly persons with disabilities of all ages. The project outputs have been produced in three phases. Phase one involved a desk study and consultation process that informed the State-of-the art of the project and the baseline knowledge. Phase two involved the development of the conceptual framework and a common terminology based on which the ENTELIS+ training curriculum was designed. In phase three, localised training modules were developed, implemented and revised. The project also established a design-thinking methodology and digital literacy compe-tence framework towards capacity building of those supporting people with disabilities in developing digital competencies, including end-users both as trainers and as trainees.</description></descriptions><fundingReferences /><formats><format>PDF</format></formats><resourceType resourceTypeGeneral="Conference paper" /><rightsList><rights rightsIdentifier="CC BY 4.0" rightsURI="https://creativecommons.org/licenses/by/4.0/legalcode" /></rightsList></resource>