<resource xmlns:xsi="http://www.w3.org/2001/XMLSchema-instance" xsi:schemaLocation="http://datacite.org/schema/kernel-4 https://schema.datacite.org/meta/kernel-4.4/metadata.xsd" xmlns="http://datacite.org/schema/kernel-4"><dates><date dateType="Available">2022-08-02</date></dates><alternateIdentifiers><alternateIdentifier alternateIdentifierType="urn">urn:nbn:at:at-ubl:3-12912</alternateIdentifier></alternateIdentifiers><identifier identifierType="DOI">10.35011/icchp-aaate22-p1-18</identifier><language>eng</language><creators><creator><creatorName nameType="Personal">Agius, May</creatorName><givenName> May</givenName><familyName>Agius</familyName></creator><creator><creatorName nameType="Personal">Schembri, Borg</creatorName><givenName> Borg</givenName><familyName>Schembri</familyName></creator></creators><titles><title>Augmentative and Alternative Communication for Individuals with Autism: Additional Considerations</title></titles><publisher>Association ICCHP</publisher><publicationYear>2022</publicationYear><sizes><size>7 pages</size></sizes><descriptions><description descriptionType="SeriesInformation">ICCHP-AAATE 2022 Open Access Compendium "Assistive Technology, Accessibility and (e)Inclusion" Part I / Petz, Andrea ; Hoogerwerf, Evert-Jan ; Mavrou, Katerina, Seite 132-138</description><description descriptionType="Abstract">Augmentative and alternative communication (AAC) is often recom-mended to support the inclusion of autistic individuals who have complex com-munication needs. This conceptual paper discusses commonly used theoretical frameworks which are utilised to make clinical decisions to match AAC systems and devices, and the implementation of these on an individual level. The purpose of this paper is to explore the utility of these existing frameworks for autistic individuals. This paper describes issues that are specific to autistic individuals which may impact the AAC clinical decision making process with a specific fo-cus on sensory processing differences. The hypothesis of this conceptual paper is that the sensory processing differences commonly found in autistic individuals impact the AAC clinical decision making process and should therefore be con-sidered when making AAC decisions to ensure optimal AAC assessment and in-terventions. The authors suggest adaptations to existing frameworks which can accommodate these differences.</description></descriptions><fundingReferences /><formats><format>PDF</format></formats><resourceType resourceTypeGeneral="Conference paper" /><rightsList><rights rightsIdentifier="CC BY 4.0" rightsURI="https://creativecommons.org/licenses/by/4.0/legalcode" /></rightsList></resource>