<resource xmlns:xsi="http://www.w3.org/2001/XMLSchema-instance" xsi:schemaLocation="http://datacite.org/schema/kernel-4 https://schema.datacite.org/meta/kernel-4.4/metadata.xsd" xmlns="http://datacite.org/schema/kernel-4"><dates><date dateType="Available">2022-08-02</date></dates><alternateIdentifiers><alternateIdentifier alternateIdentifierType="urn">urn:nbn:at:at-ubl:3-12863</alternateIdentifier></alternateIdentifiers><identifier identifierType="DOI">10.35011/icchp-aaate22-p1-13</identifier><language>eng</language><creators><creator><creatorName nameType="Personal">Sacchi, Fabio</creatorName><givenName> Fabio</givenName><familyName>Sacchi</familyName></creator></creators><titles><title>Promoting Labour Market Inclusion</title><title titleType="Subtitle">a Review of Assistive Technologies for Workers with Autism Spectrum Disorder</title></titles><publisher>Association ICCHP</publisher><publicationYear>2022</publicationYear><sizes><size>8 pages</size></sizes><descriptions><description descriptionType="SeriesInformation">ICCHP-AAATE 2022 Open Access Compendium "Assistive Technology, Accessibility and (e)Inclusion" Part I / Petz, Andrea ; Hoogerwerf, Evert-Jan ; Mavrou, Katerina, Seite 93-100</description><description descriptionType="Abstract">Persons with autism spectrum disorder (ASD) can be efficient work-ers. Despite the increasing recognition of their potential contribution in the work-place, they continue to experience many challenges entering and maintaining em-ployment. Overcoming these challenges can be achieved by resorting to specific assistive technologies (ATs) which can play, if properly chosen, a strategic role in allowing persons with ASD to compete with all others in accessing, hiring, maintaining employment. It is in the light of these considerations that this contri-bution aims at deepening knowledge in this field by investigating which ATs can be used in the workplace to support the labour market inclusion of persons with ASD. This study provides a focused systematic review of 27 studies identified within the literature. Results analyzed the ATs that can be used for supporting the labour market inclusion of persons with ASD, the skills they help to develop and the work activities they can support.</description></descriptions><fundingReferences /><formats><format>PDF</format></formats><resourceType resourceTypeGeneral="Conference paper" /><rightsList><rights rightsIdentifier="CC BY 4.0" rightsURI="https://creativecommons.org/licenses/by/4.0/legalcode" /></rightsList></resource>