<resource xmlns:xsi="http://www.w3.org/2001/XMLSchema-instance" xsi:schemaLocation="http://datacite.org/schema/kernel-4 https://schema.datacite.org/meta/kernel-4.4/metadata.xsd" xmlns="http://datacite.org/schema/kernel-4"><dates><date dateType="Available">2022-08-02</date></dates><alternateIdentifiers><alternateIdentifier alternateIdentifierType="urn">urn:nbn:at:at-ubl:3-12997</alternateIdentifier></alternateIdentifiers><identifier identifierType="DOI">10.35011/icchp-aaate22-p1-26</identifier><language>eng</language><creators><creator><creatorName nameType="Personal">Desideri, Lorenzo</creatorName><givenName> Lorenzo</givenName><familyName>Desideri</familyName></creator><creator><creatorName nameType="Personal">Cesario, Lisa</creatorName><givenName> Lisa</givenName><familyName>Cesario</familyName></creator><creator><creatorName nameType="Personal">Gherardini, Arianna</creatorName><givenName> Arianna</givenName><familyName>Gherardini</familyName></creator><creator><creatorName nameType="Personal">Malavasi, Massilmiliano</creatorName><givenName> Massilmiliano</givenName><familyName>Malavasi</familyName></creator><creator><creatorName nameType="Personal">Melelli, Rebecca</creatorName><givenName> Rebecca</givenName><familyName>Melelli</familyName></creator><creator><creatorName nameType="Personal">Bernini, Nicol</creatorName><givenName> Nicol</givenName><familyName>Bernini</familyName></creator><creator><creatorName nameType="Personal">Hoogerwerf, Evert-Jan</creatorName><givenName> Evert-Jan</givenName><familyName>Hoogerwerf</familyName></creator></creators><titles><title>Use of an Immersive Robotic Telepresence System to Foster Inclusive Education: Preliminary Results from a Qualitative Study</title></titles><publisher>Association ICCHP</publisher><publicationYear>2022</publicationYear><sizes><size>7 pages</size></sizes><descriptions><description descriptionType="SeriesInformation">ICCHP-AAATE 2022 Open Access Compendium "Assistive Technology, Accessibility and (e)Inclusion" Part I / Petz, Andrea ; Hoogerwerf, Evert-Jan ; Mavrou, Katerina, Seite 203-209</description><description descriptionType="Abstract">Immersive robotic telepresence combines virtual reality (VR) with robotics to provide a teleoperator with a means to act in a distant environment. The objective of this contribution is to focus on the views of teachers and parents to explore their opinions about using an immersive robotic telepresence system to implement inclusive robot-based group activities in primary school settings. Eleven adult participants attended three focus groups. Through thematic analysis, participants&#8217; views were grouped into five main themes. Overall, our results point to considering the use of an immersive telepresence system as a promising complement to pre-programmed robot-based activities. It still remains unclear, how-ever, whether the telepresence strategy can be considered usable in a school setting with limited technical support available.</description></descriptions><fundingReferences /><formats><format>PDF</format></formats><resourceType resourceTypeGeneral="Conference paper" /><rightsList><rights rightsIdentifier="CC BY 4.0" rightsURI="https://creativecommons.org/licenses/by/4.0/legalcode" /></rightsList></resource>