<resource xmlns:xsi="http://www.w3.org/2001/XMLSchema-instance" xsi:schemaLocation="http://datacite.org/schema/kernel-4 https://schema.datacite.org/meta/kernel-4.4/metadata.xsd" xmlns="http://datacite.org/schema/kernel-4"><dates><date dateType="Available">2022-08-02</date></dates><alternateIdentifiers><alternateIdentifier alternateIdentifierType="urn">urn:nbn:at:at-ubl:3-12938</alternateIdentifier></alternateIdentifiers><identifier identifierType="DOI">10.35011/icchp-aaate22-p1-20</identifier><language>eng</language><creators><creator><creatorName nameType="Personal">Halbach, Till</creatorName><givenName> Till</givenName><familyName>Halbach</familyName></creator><creator><creatorName nameType="Personal">Oppedal Vale, Marte</creatorName><givenName> Marte</givenName><familyName>Oppedal Vale</familyName></creator></creators><titles><title>Modern Communication Technology, Assistive Technology, and Hearing Impairment</title><title titleType="Subtitle">How Do They Go Together?</title></titles><publisher>Association ICCHP</publisher><publicationYear>2022</publicationYear><sizes><size>9 pages</size></sizes><descriptions><description descriptionType="SeriesInformation">ICCHP-AAATE 2022 Open Access Compendium "Assistive Technology, Accessibility and (e)Inclusion" Part I / Petz, Andrea ; Hoogerwerf, Evert-Jan ; Mavrou, Katerina, Seite 147-155</description><description descriptionType="Abstract">This work sheds light on the experiences of hearing-impaired individuals with communication and assistive technology nowadays, primarily for the contact with public entities, including the health sector. We used an online survey and 12 in-depth interviews to collect statistics and narratives and analyzed the answers. Our findings draw a picture of technology as an enabler and life-saver with a number of weaknesses, both technical and non-technical. Areas of improvement include the universal design of technical solutions, user journeys for users of assistive technology, technical installation and setup of public and private infrastructure, instructional and educational training, and others.</description></descriptions><fundingReferences /><formats><format>PDF</format></formats><resourceType resourceTypeGeneral="Conference paper" /><rightsList><rights rightsIdentifier="CC BY 4.0" rightsURI="https://creativecommons.org/licenses/by/4.0/legalcode" /></rightsList></resource>