<resource xmlns:xsi="http://www.w3.org/2001/XMLSchema-instance" xsi:schemaLocation="http://datacite.org/schema/kernel-4 https://schema.datacite.org/meta/kernel-4.4/metadata.xsd" xmlns="http://datacite.org/schema/kernel-4"><dates><date dateType="Available">2022-08-02</date></dates><alternateIdentifiers><alternateIdentifier alternateIdentifierType="urn">urn:nbn:at:at-ubl:3-12759</alternateIdentifier></alternateIdentifiers><identifier identifierType="DOI">10.35011/icchp-aaate22-p1-01</identifier><language>eng</language><creators><creator><creatorName nameType="Personal">Matzel, Dustin</creatorName><givenName> Dustin</givenName><familyName>Matzel</familyName></creator><creator><creatorName nameType="Personal">Johannfunke, Michael</creatorName><givenName> Michael</givenName><familyName>Johannfunke</familyName></creator></creators><titles><title>UniMaps - An Accessible Mobile Indoor Navigation App</title></titles><publisher>Association ICCHP</publisher><publicationYear>2022</publicationYear><sizes><size>5 pages</size></sizes><descriptions><description descriptionType="SeriesInformation">ICCHP-AAATE 2022 Open Access Compendium "Assistive Technology, Accessibility and (e)Inclusion" Part I / Petz, Andrea ; Hoogerwerf, Evert-Jan ; Mavrou, Katerina, Seite 11-15</description><description descriptionType="Abstract">UniMaps is an accessible mobile application for indoor and outdoor navigation on Campus Bielefeld. This position paper describes the development and issues we faced and how we tackled them. UniMaps was initially developed in a student competition and has since then been further developed by students as an official university project. The development is done after the Universal De-sign principles and with the involvement of people with disabilities. The first issue we faced during the development was the large-scale indoor map data ac-quisition. We created a semi-automated approach which correctly reconstructs about 80% of the rooms and we are currently further improving it. The second issue which we faced was the indoor navigation. An indoor GPS localization is not possible and WiFi and bluetooth beacons allow only a coarse localization. In a current bachelor thesis, a step counter is implemented which uses the gyro sen-sor and is also compatible with wheelchair users. With a combination of the step counter and the different current coarse localization options we want to imple-ment fine localization which allows an intuitive navigation. The last big issue was the visualization of maps. There are different map styles from the OSM com-munity, but as far as we know there is no map styles which is accessible. In the future we are planning to design a map style which is accessible by design.</description></descriptions><fundingReferences /><formats><format>PDF</format></formats><resourceType resourceTypeGeneral="Conference paper" /><rightsList><rights rightsIdentifier="CC BY 4.0" rightsURI="https://creativecommons.org/licenses/by/4.0/legalcode" /></rightsList></resource>