<resource xmlns:xsi="http://www.w3.org/2001/XMLSchema-instance" xsi:schemaLocation="http://datacite.org/schema/kernel-4 https://schema.datacite.org/meta/kernel-4.4/metadata.xsd" xmlns="http://datacite.org/schema/kernel-4"><dates><date dateType="Available">2022-08-02</date></dates><alternateIdentifiers><alternateIdentifier alternateIdentifierType="urn">urn:nbn:at:at-ubl:3-13103</alternateIdentifier></alternateIdentifiers><identifier identifierType="DOI">10.35011/icchp-aaate22-p1-37</identifier><language>eng</language><creators><creator><creatorName nameType="Personal">Mehigan, Tracey</creatorName><givenName> Tracey</givenName><familyName>Mehigan</familyName></creator><creator><creatorName nameType="Personal">Altinier, Armony</creatorName><givenName> Armony</givenName><familyName>Altinier</familyName></creator><creator><creatorName nameType="Personal">Oncins, Estella</creatorName><givenName> Estella</givenName><familyName>Oncins</familyName></creator><creator><creatorName nameType="Personal">Sauberer, Gabriele</creatorName><givenName> Gabriele</givenName><familyName>Sauberer</familyName></creator><creator><creatorName nameType="Personal">Chawan, Kashmira</creatorName><givenName> Kashmira</givenName><familyName>Chawan</familyName></creator><creator><creatorName nameType="Personal">FitzPatrick, Donal</creatorName><givenName> Donal</givenName><familyName>FitzPatrick</familyName></creator></creators><titles><title>Accessibility Standards and Laws: Implementation for Successful Digital Education within the Eurozone</title></titles><publisher>Association ICCHP</publisher><publicationYear>2022</publicationYear><sizes><size>9 pages</size></sizes><descriptions><description descriptionType="SeriesInformation">ICCHP-AAATE 2022 Open Access Compendium "Assistive Technology, Accessibility and (e)Inclusion" Part I / Petz, Andrea ; Hoogerwerf, Evert-Jan ; Mavrou, Katerina, Seite 285-293</description><description descriptionType="Abstract">The United Nations Convention on the Rights of Persons with Disa-bilities defines the right to equal opportunities for all citizens. Article 21 of the convention details how the accessibility of information and communications should be ensured in practice. As a result of the convention, international, Euro-pean and national policies, standards and law have been established, creating a legal and binding framework for compliance. This paper considers the current standardisation for digital accessibility and laws of the European Union member states, in particular Ireland, France and Spain in relation to compliance for digital educational practices. In view of the IMPACT (Inclusive Method based on the Perception of Accessibility and Compliance Testing) project, the paper will as-sess the level of compliance with digital accessibility standards at regional level within the aforementioned Eurozone Member States. The authors will address the current accessibility requirements and outline support and training strategies to support professional digital content creators and educators in conformance with existing guidelines and requirements.</description></descriptions><fundingReferences /><formats><format>PDF</format></formats><resourceType resourceTypeGeneral="Conference paper" /><rightsList><rights rightsIdentifier="CC BY 4.0" rightsURI="https://creativecommons.org/licenses/by/4.0/legalcode" /></rightsList></resource>