<resource xmlns:xsi="http://www.w3.org/2001/XMLSchema-instance" xsi:schemaLocation="http://datacite.org/schema/kernel-4 https://schema.datacite.org/meta/kernel-4.4/metadata.xsd" xmlns="http://datacite.org/schema/kernel-4"><dates><date dateType="Available">2022-08-02</date></dates><alternateIdentifiers><alternateIdentifier alternateIdentifierType="urn">urn:nbn:at:at-ubl:3-12856</alternateIdentifier></alternateIdentifiers><identifier identifierType="DOI">10.35011/icchp-aaate22-p1-12</identifier><language>eng</language><creators><creator><creatorName nameType="Personal">Hauser, Carina</creatorName><givenName> Carina</givenName><familyName>Hauser</familyName></creator><creator><creatorName nameType="Personal">Szab&#243;, K&#225;roly</creatorName><givenName> K&#225;roly</givenName><familyName>Szab&#243;</familyName></creator><creator><creatorName nameType="Personal">Gst&#246;ttner, Lisa-Sophie</creatorName><givenName> Lisa-Sophie</givenName><familyName>Gst&#246;ttner</familyName></creator><creator><creatorName nameType="Personal">Karschbaumer, Andrea</creatorName><givenName> Andrea</givenName><familyName>Karschbaumer</familyName></creator><creator><creatorName nameType="Personal">Sch&#246;nthaler, Erna</creatorName><givenName> Erna</givenName><familyName>Sch&#246;nthaler</familyName></creator></creators><titles><title>User Requirements for an e-Counselling and e-Learning App for Parents with Children with Attention Deficit Hyperactivity Disorder</title></titles><publisher>Association ICCHP</publisher><publicationYear>2022</publicationYear><sizes><size>8 pages</size></sizes><descriptions><description descriptionType="SeriesInformation">ICCHP-AAATE 2022 Open Access Compendium "Assistive Technology, Accessibility and (e)Inclusion" Part I / Petz, Andrea ; Hoogerwerf, Evert-Jan ; Mavrou, Katerina, Seite 85-92</description><description descriptionType="Abstract">In Austria, attention deficit hyperactivity disorder (ADHD) affects the lives of approximately 5.2% of children. The main symptoms of ADHD are at-tention deficit, hyperactivity and impulsivity, which lead to difficulties for the children in coping with everyday life. In addition, the behavioural problems of affected children also have an impact on the well-being and functioning of the entire family. Due to the dysfunctional family life, parents experience a high stress level. Therefore, parent counselling and family-centred work are of great importance to support families in coping with problematic situations. However, there is a lack of occupational therapy-based support in the home environment for parents of children with ADHD. The study points to the need for an e-coun-selling and e-learning app that meets the demands for appropriate support in the daily life of parents of children with ADHD. Interviews with nine parents of chil-dren with ADHD, one focus group with seven paediatric occupational therapists and two workshops with twelve children with ADHD show the need for an ap-plication that supports parents in daily routines even prior to occupational therapy intervention as well as complements occupational therapy with recommendations for everyday life. Parents and occupational therapists particularly welcome tips for everyday life, information about ADHD and contact addresses for help. Chil-dren stated that improving the skills of preparing meals, doing homework, getting up and going to sleep is most important to them. The content should predomi-nantly be low-threshold with professional videos, photos and images with a lim-ited amount of text.</description></descriptions><fundingReferences /><formats><format>PDF</format></formats><resourceType resourceTypeGeneral="Conference paper" /><rightsList><rights rightsIdentifier="CC BY 4.0" rightsURI="https://creativecommons.org/licenses/by/4.0/legalcode" /></rightsList></resource>