<resource xmlns:xsi="http://www.w3.org/2001/XMLSchema-instance" xsi:schemaLocation="http://datacite.org/schema/kernel-4 https://schema.datacite.org/meta/kernel-4.4/metadata.xsd" xmlns="http://datacite.org/schema/kernel-4"><dates><date dateType="Available">2022-08-02</date></dates><alternateIdentifiers><alternateIdentifier alternateIdentifierType="urn">urn:nbn:at:at-ubl:3-12775</alternateIdentifier></alternateIdentifiers><identifier identifierType="DOI">10.35011/icchp-aaate22-p1-04</identifier><language>eng</language><creators><creator><creatorName nameType="Personal">Banes, David</creatorName><givenName> David</givenName><familyName>Banes</familyName></creator><creator><creatorName nameType="Personal">Magni, Ricardo</creatorName><givenName> Ricardo</givenName><familyName>Magni</familyName></creator><creator><creatorName nameType="Personal">Andrushevich, Alexey</creatorName><givenName> Alexey</givenName><familyName>Andrushevich</familyName></creator><creator><creatorName nameType="Personal">Hoogerwerf, Evert-Jan</creatorName><givenName> Evert-Jan</givenName><familyName>Hoogerwerf</familyName></creator></creators><titles><title>Emerging Technologies and Access to Mobility through Public Transport</title><title titleType="Subtitle">A Review of Potential Impact upon People with a Disability</title></titles><publisher>Association ICCHP</publisher><publicationYear>2022</publicationYear><sizes><size>6 pages</size></sizes><descriptions><description descriptionType="SeriesInformation">ICCHP-AAATE 2022 Open Access Compendium "Assistive Technology, Accessibility and (e)Inclusion" Part I / Petz, Andrea ; Hoogerwerf, Evert-Jan ; Mavrou, Katerina, Seite 28-33</description><description descriptionType="Abstract">This paper explores the outcomes of a series of co-design workshops targeting the development of innovative concepts to address barriers to mobility. The workshops were developed as part of the TRIPS project funded by the Euro-pean Commission. The workshops identified that not all problems required big ideas to resolve. A series of innovations were imagined by people with a disabil-ity to reduce barriers to travel. Some built upon new technology, whilst others took existing ideas and added an inclusive twist. The series of co-design work-shops featured people with a disability, transport operators, and assistive technol-ogy specialists. In each workshop, emerging technologies was introduced to pan-els. Each panel prepared simple design concepts that sought to outline incremen-tal or disruptive innovations to address one or more barriers identified throughout a journey. Designs were prioritized according to feasibility and impact, and a final list was prepared. These were divided into incremental innovations that ad-dressed specific barriers and disruptive innovations that addressed the entire basis of travel and mobility. Often, the most popular and desirable innovations were incremental, building upon current technologies but applying them in new ways. Finding new ways to apply those technologies demonstrated that much was pos-sible. In the examples of incremental innovation, the technology was not a barrier if the will to change was in place. The workshops also explored how to increase access to transport by asking participants to dream and think about &#8220;big&#8221; ideas that would address many of the barriers they faced.</description></descriptions><fundingReferences /><formats><format>PDF</format></formats><resourceType resourceTypeGeneral="Conference paper" /><rightsList><rights rightsIdentifier="CC BY 4.0" rightsURI="https://creativecommons.org/licenses/by/4.0/legalcode" /></rightsList></resource>