<resource xmlns:xsi="http://www.w3.org/2001/XMLSchema-instance" xsi:schemaLocation="http://datacite.org/schema/kernel-4 https://schema.datacite.org/meta/kernel-4.4/metadata.xsd" xmlns="http://datacite.org/schema/kernel-4"><dates><date dateType="Available">2022-08-02</date></dates><alternateIdentifiers><alternateIdentifier alternateIdentifierType="urn">urn:nbn:at:at-ubl:3-12814</alternateIdentifier></alternateIdentifiers><identifier identifierType="DOI">10.35011/icchp-aaate22-p1-08</identifier><language>eng</language><creators><creator><creatorName nameType="Personal">Diab, Isam</creatorName><givenName> Isam</givenName><familyName>Diab</familyName></creator><creator><creatorName nameType="Personal">Su&#225;rez-Figueroa, Carmen</creatorName><givenName> Carmen</givenName><familyName>Su&#225;rez-Figueroa</familyName></creator></creators><titles><title>Shall the Easy-to-Read Adaptation of Micropoems Affect Emotions?</title></titles><publisher>Association ICCHP</publisher><publicationYear>2022</publicationYear><sizes><size>6 pages</size></sizes><descriptions><description descriptionType="SeriesInformation">ICCHP-AAATE 2022 Open Access Compendium "Assistive Technology, Accessibility and (e)Inclusion" Part I / Petz, Andrea ; Hoogerwerf, Evert-Jan ; Mavrou, Katerina, Seiten 58-63</description><description descriptionType="Abstract">People with cognitive disabilities present difficulties in reading com-prehension. This obstacle affects their interactions with creative documents such as literature texts. To reduce these barriers and to improve their daily life, docu-ments can be manually adapted following the Easy-to-Read (E2R) Methodology. As part of our research, a tool that automatically suggests E2R adaptations of micropoems has been developed. In this context, a two-phase user study has been performed using original micropoems in the first phase and their E2R adaptations provided by the aforementioned tool in the second phase. Participants in the study responded a collection of questions of different nature. Since reading causes in general a specific effect in readers, e.g. an emotion, a memory, or a judgement, one of these questions was devoted to know which emotion provokes, on the one hand, the original and, on the other hand, the adapted micropoem. In this paper we present an early analysis of those emotions in order to know whether the E2R adaptation of micropoems has any influence on readers&#8217; emotions.</description></descriptions><fundingReferences /><formats><format>PDF</format></formats><resourceType resourceTypeGeneral="Conference paper" /><rightsList><rights rightsIdentifier="CC BY 4.0" rightsURI="https://creativecommons.org/licenses/by/4.0/legalcode" /></rightsList></resource>