<resource xmlns:xsi="http://www.w3.org/2001/XMLSchema-instance" xsi:schemaLocation="http://datacite.org/schema/kernel-4 https://schema.datacite.org/meta/kernel-4.4/metadata.xsd" xmlns="http://datacite.org/schema/kernel-4"><dates><date dateType="Available">2022-08-09</date></dates><alternateIdentifiers><alternateIdentifier alternateIdentifierType="urn">urn:nbn:at:at-ubl:3-13475</alternateIdentifier></alternateIdentifiers><identifier identifierType="DOI">10.35011/icchp-aaate22-p2-26</identifier><language>eng</language><creators><creator><creatorName nameType="Personal">Delien, Tessa</creatorName><givenName> Tessa</givenName><familyName>Delien</familyName></creator><creator><creatorName nameType="Personal">Daems, Jo</creatorName><givenName> Jo</givenName><familyName>Daems</familyName></creator><creator><creatorName nameType="Personal">Mavrou, Katerina</creatorName><givenName> Katerina</givenName><familyName>Mavrou</familyName></creator><creator><creatorName nameType="Personal">Desideri, Lorenzo</creatorName><givenName> Lorenzo</givenName><familyName>Desideri</familyName></creator><creator><creatorName nameType="Personal">Lazarev, Kristijan</creatorName><givenName> Kristijan</givenName><familyName>Lazarev</familyName></creator><creator><creatorName nameType="Personal">Blagojevska, Gordana</creatorName><givenName> Gordana</givenName><familyName>Blagojevska</familyName></creator><creator><creatorName nameType="Personal">Efstathiadou, Marianna</creatorName><givenName> Marianna</givenName><familyName>Efstathiadou</familyName></creator><creator><creatorName nameType="Personal">Eliadou, Andrea</creatorName><givenName> Andrea</givenName><familyName>Eliadou</familyName></creator><creator><creatorName nameType="Personal">Gherardini, Arianna</creatorName><givenName> Arianna</givenName><familyName>Gherardini</familyName></creator><creator><creatorName nameType="Personal">Priori, Francesca</creatorName><givenName> Francesca</givenName><familyName>Priori</familyName></creator><creator><creatorName nameType="Personal">Stojanovska, Sofija</creatorName><givenName> Sofija</givenName><familyName>Stojanovska</familyName></creator><creator><creatorName nameType="Personal">Valoti, Ilaria</creatorName><givenName> Ilaria</givenName><familyName>Valoti</familyName></creator><creator><creatorName nameType="Personal">Bonroy, Bert</creatorName><givenName> Bert</givenName><familyName>Bonroy</familyName></creator></creators><titles><title>Perspective of Educators and Parents of Four European Countries on Integrating (Assistive) Technology in Inclusive Early Childhood Education and Care Settings</title></titles><publisher>Association ICCHP</publisher><publicationYear>2022</publicationYear><sizes><size>7 pages</size></sizes><descriptions><description descriptionType="SeriesInformation">ICCHP-AAATE 2022 Open Access Compendium "Assistive Technology, Accessibility and (e)Inclusion" Part II / Petz, Andrea ; Hoogerwerf, Evert-Jan ; Mavrou, Katerina, Seite 205-211</description><description descriptionType="Abstract">Nowadays, it is key to explore the opportunities of integrating Digital Mainstream Technologies (DMT) and Assistive Technologies (AT) into Early Childhood Education and Care (ECEC), especially for children with disabilities. In order to achieve a successful implementation into practice two main stake-holders, educators and parents, have to be actively involved in this process. Literature about the insights of parents on implementing technology for their children in ECEC is limited. Therefore, the aim of this study is to identify the conceptions and beliefs of educators and parents in inclusive ECEC in four European countries (Belgium, Cyprus, Italy, Republic of North Macedonia) in relation to the current practice, barriers and opportunities for integrating DMT and AT in inclusive ECEC. A total of 76 educators working with children 0-6 years of age in inclusive ECEC and 71 parents of children, with and without disabilities, 0-6 years of age in inclusive ECEC, participated in focus group interviews across the four countries. According to them, important barriers to integrate DMT and AT in ECEC are the lack of resources such as knowledge, expertise and budget. However, using DMT and AT as a tool for differentiation or as a support for communication are one of the many opportunities for using technologies for educational purposes and for the inclusion of children with disabilities.</description></descriptions><fundingReferences /><formats><format>PDF</format></formats><resourceType resourceTypeGeneral="Conference paper" /><rightsList><rights rightsIdentifier="CC BY 4.0" rightsURI="https://creativecommons.org/licenses/by/4.0/legalcode" /></rightsList></resource>