<resource xmlns:xsi="http://www.w3.org/2001/XMLSchema-instance" xsi:schemaLocation="http://datacite.org/schema/kernel-4 https://schema.datacite.org/meta/kernel-4.4/metadata.xsd" xmlns="http://datacite.org/schema/kernel-4"><dates><date dateType="Available">2022-08-02</date></dates><alternateIdentifiers><alternateIdentifier alternateIdentifierType="urn">urn:nbn:at:at-ubl:3-13094</alternateIdentifier></alternateIdentifiers><identifier identifierType="DOI">10.35011/icchp-aaate22-p1-36</identifier><language>eng</language><creators><creator><creatorName nameType="Personal">Salinas-L&#243;pez, Valent&#237;n</creatorName><givenName> Valent&#237;n</givenName><familyName>Salinas-L&#243;pez</familyName></creator><creator><creatorName nameType="Personal">Koustriava, Eleni</creatorName><givenName> Eleni</givenName><familyName>Koustriava</familyName></creator><creator><creatorName nameType="Personal">Kouroupetroglou, Georgios</creatorName><givenName> Georgios</givenName><familyName>Kouroupetroglou</familyName></creator><creator><creatorName nameType="Personal">Papadopoulos, Konstantinos</creatorName><givenName> Konstantinos</givenName><familyName>Papadopoulos</familyName></creator><creator><creatorName nameType="Personal">Miesenberger, Klaus</creatorName><givenName> Klaus</givenName><familyName>Miesenberger</familyName></creator><creator><creatorName nameType="Personal">Pino, Alexandros</creatorName><givenName> Alexandros</givenName><familyName>Pino</familyName></creator><creator><creatorName nameType="Personal">Petz, Andrea</creatorName><givenName> Andrea</givenName><familyName>Petz</familyName></creator></creators><titles><title>Comprehensive Training to Implement Inclusive Distance Education for Students with Visual, Hearing, and Motor Disabilities in North African Universities</title></titles><publisher>Association ICCHP</publisher><publicationYear>2022</publicationYear><sizes><size>7 pages</size></sizes><descriptions><description descriptionType="SeriesInformation">ICCHP-AAATE 2022 Open Access Compendium "Assistive Technology, Accessibility and (e)Inclusion" Part I / Petz, Andrea ; Hoogerwerf, Evert-Jan ; Mavrou, Katerina, Seite 278-284</description><description descriptionType="Abstract">In the framework of the EU funded Erasmus+ project InSIDE, whose goal is to build capacity to deliver inclusive Distance Education (DE) in universities of the Maghreb region, a comprehensive training for teachers and university staff have been carried out. The aim of these training is to prepare the participating universities to enable the social inclusion in the delivered DE and to setup an accessibility unit for providing support services to students with visual, hearing, and motor disabilities at their institutions.</description></descriptions><fundingReferences /><formats><format>PDF</format></formats><resourceType resourceTypeGeneral="Conference paper" /><rightsList><rights rightsIdentifier="CC BY 4.0" rightsURI="https://creativecommons.org/licenses/by/4.0/legalcode" /></rightsList></resource>