<resource xmlns:xsi="http://www.w3.org/2001/XMLSchema-instance" xsi:schemaLocation="http://datacite.org/schema/kernel-4 https://schema.datacite.org/meta/kernel-4.4/metadata.xsd" xmlns="http://datacite.org/schema/kernel-4"><dates><date dateType="Available">2022-08-09</date></dates><alternateIdentifiers><alternateIdentifier alternateIdentifierType="urn">urn:nbn:at:at-ubl:3-13455</alternateIdentifier></alternateIdentifiers><identifier identifierType="DOI">10.35011/icchp-aaate22-p2-24</identifier><language>eng</language><creators><creator><creatorName nameType="Personal">Mavrou, Katerina</creatorName><givenName> Katerina</givenName><familyName>Mavrou</familyName></creator><creator><creatorName nameType="Personal">Banes, David</creatorName><givenName> David</givenName><familyName>Banes</familyName></creator><creator><creatorName nameType="Personal">Boland, Sarah</creatorName><givenName> Sarah</givenName><familyName>Boland</familyName></creator><creator><creatorName nameType="Personal">Valoti, Ilaria</creatorName><givenName> Ilaria</givenName><familyName>Valoti</familyName></creator><creator><creatorName nameType="Personal">Cer&#232;, Sofia</creatorName><givenName> Sofia</givenName><familyName>Cer&#232;</familyName></creator><creator><creatorName nameType="Personal">Miesenberger, Klaus</creatorName><givenName> Klaus</givenName><familyName>Miesenberger</familyName></creator><creator><creatorName nameType="Personal">Desideri, Lorenzo</creatorName><givenName> Lorenzo</givenName><familyName>Desideri</familyName></creator><creator><creatorName nameType="Personal">Martins, Marina</creatorName><givenName> Marina</givenName><familyName>Martins</familyName></creator><creator><creatorName nameType="Personal">Hoogerwerf, Evert-Jan</creatorName><givenName> Evert-Jan</givenName><familyName>Hoogerwerf</familyName></creator></creators><titles><title>ENTELIS+ Competence Framework</title><title titleType="Subtitle">Empowering Educators and Trainers to Bridge the Digital Divide</title></titles><publisher>Association ICCHP</publisher><publicationYear>2022</publicationYear><sizes><size>9 pages</size></sizes><descriptions><description descriptionType="SeriesInformation">ICCHP-AAATE 2022 Open Access Compendium "Assistive Technology, Accessibility and (e)Inclusion" Part II / Petz, Andrea ; Hoogerwerf, Evert-Jan ; Mavrou, Katerina, Seite 187-195</description><description descriptionType="Abstract">The paper presents the rationale, methodology and process for the development of the ENTELIS+ Trainers Competence Framework. The framework is an output of the ENTELIS+ project and provides a set of competencies for educators, trainers and other stakeholders involved in the education and training for the digital literacy of persons with disabilities and older adults. The framework has been developed after the examination and analysis of existing frameworks and examples of good practices, and it is built in a way anticipated to fill in the gap for trainers&#8217; capacity to support digital competencies for persons with disabilities. Competencies have been developed in three progression levels, across five domains, and they represent indicators for self-evaluation or setting learning outcomes in relevant educational/training programmes.</description></descriptions><fundingReferences /><formats><format>PDF</format></formats><resourceType resourceTypeGeneral="Conference paper" /><rightsList><rights rightsIdentifier="CC BY 4.0" rightsURI="https://creativecommons.org/licenses/by/4.0/legalcode" /></rightsList></resource>