<resource xmlns:xsi="http://www.w3.org/2001/XMLSchema-instance" xsi:schemaLocation="http://datacite.org/schema/kernel-4 https://schema.datacite.org/meta/kernel-4.4/metadata.xsd" xmlns="http://datacite.org/schema/kernel-4"><dates><date dateType="Available">2022-08-09</date></dates><alternateIdentifiers><alternateIdentifier alternateIdentifierType="urn">urn:nbn:at:at-ubl:3-13522</alternateIdentifier></alternateIdentifiers><identifier identifierType="DOI">10.35011/icchp-aaate22-p2-31</identifier><language>eng</language><creators><creator><creatorName nameType="Personal">Lombard-Vance, Richard</creatorName><givenName> Richard</givenName><familyName>Lombard-Vance</familyName></creator><creator><creatorName nameType="Personal">Joksimovic, Natasha</creatorName><givenName> Natasha</givenName><familyName>Joksimovic</familyName></creator><creator><creatorName nameType="Personal">Maguire, Rebecca</creatorName><givenName> Rebecca</givenName><familyName>Maguire</familyName></creator><creator><creatorName nameType="Personal">Desmond, Deidre</creatorName><givenName> Deidre</givenName><familyName>Desmond</familyName></creator></creators><titles><title>Digital Health and Social Care Technology Acceptance and its Conceptualisation and Measurement in Older Adults: Protocol for an Umbrella Review</title></titles><publisher>Association ICCHP</publisher><publicationYear>2022</publicationYear><sizes><size>8 pages</size></sizes><descriptions><description descriptionType="SeriesInformation">ICCHP-AAATE 2022 Open Access Compendium "Assistive Technology, Accessibility and (e)Inclusion" Part II / Petz, Andrea ; Hoogerwerf, Evert-Jan ; Mavrou, Katerina, Seite 245-252</description><description descriptionType="Abstract">Digital technologies for health and social care have potential to support older adults&#8217; activities, quality of life, and autonomy. Technology acceptance is a commonly identified outcome in studies, but is conceptualized in numerous ways, which may influence measurement and conclusions. We wish to understand how technology acceptance is conceptualized and measured in older adults&#8217; health and social care. We will undertake an umbrella review to generate a rele-vant overview, by systematically searching databases (e.g., PubMed, Embase, PsycINFO, CINAHL, Cochrane, IEEE Xplore, Social Sciences Full Text, Econ-Lit, Global Index Medicus) for systematic reviews and meta-analyses published since 2016. Inclusion criteria are: Population&#8212;older adults (aged 65+, or 40+ for adults with intellectual disability); Intervention&#8212;digital health and social care technology; Comparison&#8212;all comparators; Outcomes&#8212;technology acceptance; Study type&#8212;systematic reviews or meta-analyses. Independently, two reviewers will screen titles and abstracts, included full-texts, extract data, and appraise study methodological quality/risk of bias. We will present a narrative overview summarizing included reviews&#8217; characteristics, findings, limitations, and quality. This umbrella review will support a renewed understanding of technology acceptance as a concept and its measurement in this area, highlighting areas for future research and synthesis.</description></descriptions><fundingReferences /><formats><format>PDF</format></formats><resourceType resourceTypeGeneral="Conference paper" /><rightsList><rights rightsIdentifier="CC BY 4.0" rightsURI="https://creativecommons.org/licenses/by/4.0/legalcode" /></rightsList></resource>