<resource xmlns:xsi="http://www.w3.org/2001/XMLSchema-instance" xsi:schemaLocation="http://datacite.org/schema/kernel-4 https://schema.datacite.org/meta/kernel-4.4/metadata.xsd" xmlns="http://datacite.org/schema/kernel-4"><dates><date dateType="Available">2022-08-02</date></dates><alternateIdentifiers><alternateIdentifier alternateIdentifierType="urn">urn:nbn:at:at-ubl:3-13017</alternateIdentifier></alternateIdentifiers><identifier identifierType="DOI">10.35011/icchp-aaate22-p1-28</identifier><language>eng</language><creators><creator><creatorName nameType="Personal">Bonarini, Andrea</creatorName><givenName> Andrea</givenName><familyName>Bonarini</familyName></creator></creators><titles><title>Playing Robots for Persons with Disability</title><title titleType="Subtitle">Motivations and Examples</title></titles><publisher>Association ICCHP</publisher><publicationYear>2022</publicationYear><sizes><size>9 pages</size></sizes><descriptions><description descriptionType="SeriesInformation">ICCHP-AAATE 2022 Open Access Compendium "Assistive Technology, Accessibility and (e)Inclusion" Part I / Petz, Andrea ; Hoogerwerf, Evert-Jan ; Mavrou, Katerina, Seite 218-226</description><description descriptionType="Abstract">Play is a right and a tool for development for everybody. Physical, interactive objects, i.e. robots, can effectively engage the player in a pleasurable activity, adding to the play experience the dimension of the interaction with an autonomous object able to react and to propose activities. We present a frame-work and a set of experiences done in the development of robots for playing with persons with disabilities, showing that it is possible to exploit the robotic technology to implement simple, low-cost tools that can be used to reach developmental targets by means of a playful activity that is not perceived as a therapy.</description></descriptions><fundingReferences /><formats><format>PDF</format></formats><resourceType resourceTypeGeneral="Conference paper" /><rightsList><rights rightsIdentifier="CC BY 4.0" rightsURI="https://creativecommons.org/licenses/by/4.0/legalcode" /></rightsList></resource>