<resource xmlns:xsi="http://www.w3.org/2001/XMLSchema-instance" xsi:schemaLocation="http://datacite.org/schema/kernel-4 https://schema.datacite.org/meta/kernel-4.4/metadata.xsd" xmlns="http://datacite.org/schema/kernel-4"><dates><date dateType="Available">2022-08-09</date></dates><alternateIdentifiers><alternateIdentifier alternateIdentifierType="urn">urn:nbn:at:at-ubl:3-13492</alternateIdentifier></alternateIdentifiers><identifier identifierType="DOI">10.35011/icchp-aaate22-p2-28</identifier><language>eng</language><creators><creator><creatorName nameType="Personal">Murphy, Jane</creatorName><givenName> Jane</givenName><familyName>Murphy</familyName></creator><creator><creatorName nameType="Personal">McSharry, Jenny</creatorName><givenName> Jenny</givenName><familyName>McSharry</familyName></creator><creator><creatorName nameType="Personal">Hynes, Lisa</creatorName><givenName> Lisa</givenName><familyName>Hynes</familyName></creator><creator><creatorName nameType="Personal">Molloy, Gerard J.</creatorName><givenName> Gerard J.</givenName><familyName>Molloy</familyName></creator></creators><titles><title>Benefits and Challenges of Evaluating an Existing, Commercially Available Digi-tal Health Intervention</title><title titleType="Subtitle">a Self-Management Application for Asthma</title></titles><publisher>Association ICCHP</publisher><publicationYear>2022</publicationYear><sizes><size>7 pages</size></sizes><descriptions><description descriptionType="SeriesInformation">ICCHP-AAATE 2022 Open Access Compendium "Assistive Technology, Accessibility and (e)Inclusion" Part II / Petz, Andrea ; Hoogerwerf, Evert-Jan ; Mavrou, Katerina, Seite 222-228</description><description descriptionType="Abstract">Adherence to inhaled corticosteroids (ICS) is an integral component of effective asthma self-management. However, suboptimal adherence is com-mon and is particularly low for young adults as they become responsible for their health amidst an already challenging developmental stage of the lifespan. Digital health interventions (DHIs) have shown potential to improve adherence to ICS. However, their potential to support adherence behavior within this specific population remains under investigated. Accordingly, the current research aims to investigate the potential for a commercially available application (app) to support medication adherence in young adults living with asthma. Through this process, novel insights were gained into the benefits and challenges of conducting research with an existing, commercially available asthma self-management app.</description></descriptions><fundingReferences /><formats><format>PDF</format></formats><resourceType resourceTypeGeneral="Conference paper" /><rightsList><rights rightsIdentifier="CC BY 4.0" rightsURI="https://creativecommons.org/licenses/by/4.0/legalcode" /></rightsList></resource>