<resource xmlns:xsi="http://www.w3.org/2001/XMLSchema-instance" xsi:schemaLocation="http://datacite.org/schema/kernel-4 https://schema.datacite.org/meta/kernel-4.4/metadata.xsd" xmlns="http://datacite.org/schema/kernel-4"><dates><date dateType="Available">2022-08-09</date></dates><alternateIdentifiers><alternateIdentifier alternateIdentifierType="urn">urn:nbn:at:at-ubl:3-13336</alternateIdentifier></alternateIdentifiers><identifier identifierType="DOI">10.35011/icchp-aaate22-p2-12</identifier><language>eng</language><creators><creator><creatorName nameType="Personal">Healy, Aoife</creatorName><givenName> Aoife</givenName><familyName>Healy</familyName></creator><creator><creatorName nameType="Personal">Chockalingam, Nachiappan</creatorName><givenName> Nachiappan</givenName><familyName>Chockalingam</familyName></creator><creator><creatorName nameType="Personal">Dakin-Poole, Esther</creatorName><givenName> Esther</givenName><familyName>Dakin-Poole</familyName></creator><creator><creatorName nameType="Personal">Sinclair, Jonathan</creatorName><givenName> Jonathan</givenName><familyName>Sinclair</familyName></creator></creators><titles><title>Measuring access to assistive technology using the WHO Rapid Assistive Technology Assessment (rATA) questionnaire in the United Kingdom</title></titles><publisher>Association ICCHP</publisher><publicationYear>2022</publicationYear><sizes><size>9 pages</size></sizes><descriptions><description descriptionType="SeriesInformation">ICCHP-AAATE 2022 Open Access Compendium "Assistive Technology, Accessibility and (e)Inclusion" Part II / Petz, Andrea ; Hoogerwerf, Evert-Jan ; Mavrou, Katerina, Seite 86-94</description><description descriptionType="Abstract">This study presents the findings from the WHO UK rapid Assistive Technology Assessment (rATA) questionnaire completed in 2021; using the digital rATA questionnaire with a total of 259 questionnaires completed. 62.9% of respondents used assistive products and the top three selected assistive products were spectacles, hearing aids and grab-bars handrails. 18.5% of respondents had an unmet need for assistive products. Most assistive products were sourced from the private sector. The majority were paid out-of-pocket and approximately one fifth were supplied through government sources. For adults most assistive products were paid out-of-pocket, while for children most were paid for by the government. Most respondents were very satisfied with their assistive products, AT services and with repair, maintenance, and follow-up. &#8216;Cannot afford&#8217; and &#8216;Lack of support&#8217; were the most frequently identified barriers to accessing assistive products and many reported that the Covid-19 pandemic was a significant barrier to access. The collected data provides useful information on the use of assistive products in the UK. The collected data dispels the myth that assistive products are only for people with a disability. A large-scale questionnaire at national level would be of significant benefit in raising population awareness in the UK.</description></descriptions><fundingReferences /><formats><format>PDF</format></formats><resourceType resourceTypeGeneral="Conference paper" /><rightsList><rights rightsIdentifier="CC BY 4.0" rightsURI="https://creativecommons.org/licenses/by/4.0/legalcode" /></rightsList></resource>