<resource xmlns:xsi="http://www.w3.org/2001/XMLSchema-instance" xsi:schemaLocation="http://datacite.org/schema/kernel-4 https://schema.datacite.org/meta/kernel-4.4/metadata.xsd" xmlns="http://datacite.org/schema/kernel-4"><dates><date dateType="Available">2022-08-09</date></dates><alternateIdentifiers><alternateIdentifier alternateIdentifierType="urn">urn:nbn:at:at-ubl:3-13263</alternateIdentifier></alternateIdentifiers><identifier identifierType="DOI">10.35011/icchp-aaate22-p2-05</identifier><language>eng</language><creators><creator><creatorName nameType="Personal">Pellichero, Alice</creatorName><givenName> Alice</givenName><familyName>Pellichero</familyName></creator><creator><creatorName nameType="Personal">Best, Krista</creatorName><givenName> Krista</givenName><familyName>Best</familyName></creator><creator><creatorName nameType="Personal">Sorita, &#201;ric</creatorName><givenName> &#201;ric</givenName><familyName>Sorita</familyName></creator><creator><creatorName nameType="Personal">Archambault, Philippe</creatorName><givenName> Philippe</givenName><familyName>Archambault</familyName></creator><creator><creatorName nameType="Personal">Demers, Louise</creatorName><givenName> Louise</givenName><familyName>Demers</familyName></creator><creator><creatorName nameType="Personal">Rouault, Lucas</creatorName><givenName> Lucas</givenName><familyName>Rouault</familyName></creator><creator><creatorName nameType="Personal">Routhier, Fran&#231;ois</creatorName><givenName> Fran&#231;ois</givenName><familyName>Routhier</familyName></creator></creators><titles><title>Clinical Applicability of the COMET Intervention</title></titles><publisher>Association ICCHP</publisher><publicationYear>2022</publicationYear><sizes><size>6 pages</size></sizes><descriptions><description descriptionType="SeriesInformation">ICCHP-AAATE 2022 Open Access Compendium "Assistive Technology, Accessibility and (e)Inclusion" Part II / Petz, Andrea ; Hoogerwerf, Evert-Jan ; Mavrou, Katerina, Seite 36-41</description><description descriptionType="Abstract">Objective: To evaluate the clinical applicability of the COMET (cog-nition, occupation, mobility, evaluation and training) intervention. Design: A case series was conducted. Participants: Adults who were being considered for PWC provision and who had been identified by an occupational therapist to benefit from a PWC training were included. Intervention: The COMET intervention a goal directed, client-centered and occupation-based, was provided to all participants. Outcome measures: Clinical applicability indicators were collected for: process, resources, management and treatment. Clinical outcomes included the Goal Achievement Scale (GAS), the Canadian Occupational Performance Measure (COPM), the Power Mobility Indoor Driving Impairment (PIDA) and the Wheelchair Skill Test (WST). Applicability indicators were evaluated as binary responses (&#8216;successful/unsuccessful&#8217;). Results: Four females (62.5 &#177; 3.5 years) with cognitive impairment participated. Among the thirteen clinical applicability indicators defined, ten were successfully achieved. Indicators that did not meet the criteria for success were adherence rate, safety and treatment for the PIDA. Two of four participants completed all 5 sessions. Two adverse events were reported, with one minor injury. Related to treatment response, participants demonstrated better than expected results on the GAS and the COPM perfor-mance and satisfaction scores. All participants demonstrated improvement of more than 9% at the WST. Only two reported an improvement beyond 4% of the PIDA. Conclusions: With few modifications, the COMET intervention will be applicable in clinical practice. Individuals with complex cognitive and mobility impairment demonstrated abilities to learn PWC use. Further investigation of the COMET intervention is required to evaluate its efficacy.</description></descriptions><fundingReferences /><formats><format>PDF</format></formats><resourceType resourceTypeGeneral="Conference paper" /><rightsList><rights rightsIdentifier="CC BY 4.0" rightsURI="https://creativecommons.org/licenses/by/4.0/legalcode" /></rightsList></resource>