<resource xmlns:xsi="http://www.w3.org/2001/XMLSchema-instance" xsi:schemaLocation="http://datacite.org/schema/kernel-4 https://schema.datacite.org/meta/kernel-4.4/metadata.xsd" xmlns="http://datacite.org/schema/kernel-4"><dates><date dateType="Available">2022-08-02</date></dates><alternateIdentifiers><alternateIdentifier alternateIdentifierType="urn">urn:nbn:at:at-ubl:3-12797</alternateIdentifier></alternateIdentifiers><identifier identifierType="DOI">10.35011/icchp-aaate22-p1-06</identifier><language>eng</language><creators><creator><creatorName nameType="Personal">Watanabe, Tetsuya</creatorName><givenName> Tetsuya</givenName><familyName>Watanabe</familyName></creator><creator><creatorName nameType="Personal">Minatani, Kazunori</creatorName><givenName> Kazunori</givenName><familyName>Minatani</familyName></creator><creator><creatorName nameType="Personal">Iwamura, Masakazu</creatorName><givenName> Masakazu</givenName><familyName>Iwamura</familyName></creator></creators><titles><title>Effect of Visual and/or Haptic Experience on Haptic 3D Model Recognition</title></titles><publisher>Association ICCHP</publisher><publicationYear>2022</publicationYear><sizes><size>6 pages</size></sizes><descriptions><description descriptionType="SeriesInformation">ICCHP-AAATE 2022 Open Access Compendium "Assistive Technology, Accessibility and (e)Inclusion" Part I / Petz, Andrea ; Hoogerwerf, Evert-Jan ; Mavrou, Katerina, Seite 42-47</description><description descriptionType="Abstract">Our research question is whether there is any difference in haptic recognition, i.e. understanding what the 3D models represent by the sense of touch, between early blind and late blind people. To investigate it, we took the opportunity of a Zoom symposium on our 3D model making and delivering ser-vice. Prior to the symposium we sent out two 3D models to 48 blind and visually impaired attendees without telling what they were. After the symposium, we emailed a questionnaire to them on the understanding of the models and the at-tributes of the attendees, and received the answers from 32 people. The average correct rates for each model were 75% and 50%. The effect of visual, tactile, and hearing experience as well as the age and usage history of hearing and/or tactile senses on the correct rates were examined, but their effects were not explicitly shown by the numbers because of the inadequate research design. Rather, their comments on the grounds for recognition suggest that recognition of 3D models is the conclusion logically drawn by combining a few shape features, and finding these features relies more on prediction than the ability of tactile sense.</description></descriptions><fundingReferences /><formats><format>PDF</format></formats><resourceType resourceTypeGeneral="Conference paper" /><rightsList><rights rightsIdentifier="CC BY 4.0" rightsURI="https://creativecommons.org/licenses/by/4.0/legalcode" /></rightsList></resource>