<resource xmlns:xsi="http://www.w3.org/2001/XMLSchema-instance" xsi:schemaLocation="http://datacite.org/schema/kernel-4 https://schema.datacite.org/meta/kernel-4.4/metadata.xsd" xmlns="http://datacite.org/schema/kernel-4"><dates><date dateType="Available">2022-08-02</date></dates><alternateIdentifiers><alternateIdentifier alternateIdentifierType="urn">urn:nbn:at:at-ubl:3-12882</alternateIdentifier></alternateIdentifiers><identifier identifierType="DOI">10.35011/icchp-aaate22-p1-15</identifier><language>eng</language><creators><creator><creatorName nameType="Personal">Madina, Margot</creatorName><givenName> Margot</givenName><familyName>Madina</familyName></creator><creator><creatorName nameType="Personal">Hern&#225;ez, Inma</creatorName><givenName> Inma</givenName><familyName>Hern&#225;ez</familyName></creator><creator><creatorName nameType="Personal">Navas, Eva</creatorName><givenName> Eva</givenName><familyName>Navas</familyName></creator></creators><titles><title>Evaluation of STT Technology Performance for Spanish Dysarthric Speech</title><title titleType="Subtitle">Description of a Pilot Experiment</title></titles><publisher>Association ICCHP</publisher><publicationYear>2022</publicationYear><sizes><size>9 pages</size></sizes><descriptions><description descriptionType="SeriesInformation">ICCHP-AAATE 2022 Open Access Compendium "Assistive Technology, Accessibility and (e)Inclusion" Part I / Petz, Andrea ; Hoogerwerf, Evert-Jan ; Mavrou, Katerina, Seite 108-116</description><description descriptionType="Abstract">Automatic Speech Recognition (ASR) systems might be especially beneficial for people with physical disabilities. However, people with functional diversity usually present difficulties in speech articulationtoo, one of the most common being dysarthria. Existing commercial ASR systems are not able to cor-rectly understand dysarthric speech, and although some investigation tackling this issue has been conducted, an optimal solution has not been reached yet. Some commercial ASR systems, such as Microsoft Azure Speech to Text, offer a cus-tomization interface where users can train a base model with their speech data and thus improve the recognition accuracy. This paper evaluates the performance of this commercial ASR system when exposed to Spanish dysarthric speech. Re-sults show that, overall, the customized models outperform the basemodels of the system. However, the results were not homogeneous, and even though the recog-nition accuracy improved considerably, the results were far from being as good as those obtained for typical speech.</description></descriptions><fundingReferences /><formats><format>PDF</format></formats><resourceType resourceTypeGeneral="Conference paper" /><rightsList><rights rightsIdentifier="CC BY 4.0" rightsURI="https://creativecommons.org/licenses/by/4.0/legalcode" /></rightsList></resource>