<resource xmlns:xsi="http://www.w3.org/2001/XMLSchema-instance" xsi:schemaLocation="http://datacite.org/schema/kernel-4 https://schema.datacite.org/meta/kernel-4.4/metadata.xsd" xmlns="http://datacite.org/schema/kernel-4"><dates><date dateType="Available">2022-08-09</date></dates><alternateIdentifiers><alternateIdentifier alternateIdentifierType="urn">urn:nbn:at:at-ubl:3-13561</alternateIdentifier></alternateIdentifiers><identifier identifierType="DOI">10.35011/icchp-aaate22-p2-35</identifier><language>eng</language><creators><creator><creatorName nameType="Personal">Sehrt, Jessica</creatorName><givenName> Jessica</givenName><familyName>Sehrt</familyName></creator><creator><creatorName nameType="Personal">Ringwald, Marina</creatorName><givenName> Marina</givenName><familyName>Ringwald</familyName></creator><creator><creatorName nameType="Personal">Klein, Barbara</creatorName><givenName> Barbara</givenName><familyName>Klein</familyName></creator><creator><creatorName nameType="Personal">Solis, H&#233;ctor</creatorName><givenName> H&#233;ctor</givenName><familyName>Solis</familyName></creator><creator><creatorName nameType="Personal">Umansky, Julian</creatorName><givenName> Julian</givenName><familyName>Umansky</familyName></creator><creator><creatorName nameType="Personal">Nauth, Peter</creatorName><givenName> Peter</givenName><familyName>Nauth</familyName></creator></creators><titles><title>Designing an Accepted Look for an Assistive Robot</title></titles><publisher>Association ICCHP</publisher><publicationYear>2022</publicationYear><sizes><size>7 pages</size></sizes><descriptions><description descriptionType="SeriesInformation">ICCHP-AAATE 2022 Open Access Compendium "Assistive Technology, Accessibility and (e)Inclusion" Part II / Petz, Andrea ; Hoogerwerf, Evert-Jan ; Mavrou, Katerina, Seite 278-284</description><description descriptionType="Abstract">In this contribution, the participatory design process for a service robot to assist people in old age or with disabilities is presented. In order to provide the platform with an attractive and accepted embodiment, a three-stage approach with potential users is envisaged. This article reports the results of phase 1. Three models with different head and body shapes were evaluated by a younger and an older age group. They were exposed to 3D models they saw in the room through augmented reality glasses. A mixed methods design was chosen: Respondents were asked about each of the models by using open questions in a questionnaire. Additionally, they had to rate the robot in a semantic profile. The potential users preferred a design with a rounded body and an implied face. Tendencies could be seen towards different results in the age groups concerning colour and human likeness. Most people in the younger age group voted for a model with a less humanlike face, while in the older age group a high proportion also chose a model with a human face on a monitor. Changes such as a friendlier expression, a lower height of the robot and a rounder shape of the body seem to be necessary. Involving potential user groups in the process proves useful, as it provides deeper in-sight into their needs. Augmented reality evaluation promises to be a time and material saving method, but further research is needed to validate procedures and results.</description></descriptions><fundingReferences /><formats><format>PDF</format></formats><resourceType resourceTypeGeneral="Conference paper" /><rightsList><rights rightsIdentifier="CC BY 4.0" rightsURI="https://creativecommons.org/licenses/by/4.0/legalcode" /></rightsList></resource>