<resource xmlns:xsi="http://www.w3.org/2001/XMLSchema-instance" xsi:schemaLocation="http://datacite.org/schema/kernel-4 https://schema.datacite.org/meta/kernel-4.4/metadata.xsd" xmlns="http://datacite.org/schema/kernel-4"><dates><date dateType="Available">2022-08-02</date></dates><alternateIdentifiers><alternateIdentifier alternateIdentifierType="urn">urn:nbn:at:at-ubl:3-12899</alternateIdentifier></alternateIdentifiers><identifier identifierType="DOI">10.35011/icchp-aaate22-p1-16</identifier><language>eng</language><creators><creator><creatorName nameType="Personal">Bianquin, Nicole</creatorName><givenName> Nicole</givenName><familyName>Bianquin</familyName></creator><creator><creatorName nameType="Personal">Sacchi, Fabio</creatorName><givenName> Fabio</givenName><familyName>Sacchi</familyName></creator><creator><creatorName nameType="Personal">Giraldo, Mabel</creatorName><givenName> Mabel</givenName><familyName>Giraldo</familyName></creator><creator><creatorName nameType="Personal">Besio, Serenella</creatorName><givenName> Serenella</givenName><familyName>Besio</familyName></creator><creator><creatorName nameType="Personal">Campigli, Cristina</creatorName><givenName> Cristina</givenName><familyName>Campigli</familyName></creator></creators><titles><title>Analysis of the Communicative and Linguistic Functions of Some Alternative and Augmentative Communication Software for Italian Language</title></titles><publisher>Association ICCHP</publisher><publicationYear>2022</publicationYear><sizes><size>7 pages</size></sizes><descriptions><description descriptionType="SeriesInformation">ICCHP-AAATE 2022 Open Access Compendium "Assistive Technology, Accessibility and (e)Inclusion" Part I / Petz, Andrea ; Hoogerwerf, Evert-Jan ; Mavrou, Katerina, Seite 117-123</description><description descriptionType="Abstract">CAA supports communicative interactions, and its use enables com-municative exchanges. Some research has shown that people who use AAC have difficulties mastering the rules and conventions of the language (Binger et al., 2011). Few studies have investigated language development in AAC users: it is, therefore, urgent to reflect on whether and how AAC systems support communi-cation at a pragmatic and semantic level and allow users to be exposed to correct and complex linguistic input. Selecting different language components and iden-tifying their diversity of word class and syntax, morphology, and grammar re-quires AAC developers to have &#171;an in-depth knowledge and understanding of the underlying grammar structure language, as well as typical age and development path in which specific words and linguistic structures are found acquired and used&#187; (Soto &amp; Cooper, 2021:7). This paper intends to compare some AAC soft-ware tools developed for the Italian language at a double level, pragmatic/seman-tic and morphological/syntactic, using an analysis tool specifically developed for the Italian language and based on the Graphic Symbol Utterance and Sentence Development Framework (Binger et al., 2020). The comparison of AAC software shows that they allow and facilitate communicative exchange, but as the com-plexity of the linguistic components increases, several limitations emerge.</description></descriptions><fundingReferences /><formats><format>PDF</format></formats><resourceType resourceTypeGeneral="Conference paper" /><rightsList><rights rightsIdentifier="CC BY 4.0" rightsURI="https://creativecommons.org/licenses/by/4.0/legalcode" /></rightsList></resource>