<resource xmlns:xsi="http://www.w3.org/2001/XMLSchema-instance" xsi:schemaLocation="http://datacite.org/schema/kernel-4 https://schema.datacite.org/meta/kernel-4.4/metadata.xsd" xmlns="http://datacite.org/schema/kernel-4"><dates><date dateType="Available">2022-08-02</date></dates><alternateIdentifiers><alternateIdentifier alternateIdentifierType="urn">urn:nbn:at:at-ubl:3-13126</alternateIdentifier></alternateIdentifiers><language>eng</language><creators><creator><creatorName nameType="Personal">Murphy, Esther</creatorName><givenName> Esther</givenName><familyName>Murphy</familyName></creator><creator><creatorName nameType="Personal">Fiori, Sara</creatorName><givenName> Sara</givenName><familyName>Fiori</familyName></creator><creator><creatorName nameType="Personal">Kelly, Kevin</creatorName><givenName> Kevin</givenName><familyName>Kelly</familyName></creator></creators><titles><title>Co-Designing an Accessible Digital Skills Education Solution with and for People with Intellectual Disabilities</title></titles><publisher>Association ICCHP</publisher><publicationYear>2022</publicationYear><sizes><size>10 pages</size></sizes><descriptions><description descriptionType="SeriesInformation">ICCHP-AAATE 2022 Open Access Compendium "Assistive Technology, Accessibility and (e)Inclusion" Part I / Petz, Andrea ; Hoogerwerf, Evert-Jan ; Mavrou, Katerina, Seite 304-313</description><description descriptionType="Abstract">Digital literacy is required to harness the increased opportunities online for supporting health, accessing health professionals, and connecting with services and maintaining connections with family and friends. People with Intellectual Disabilities (ID) experience much poorer education, health and wellbeing outcomes, exacerbated through their digital exclusion especially during Covid. Digi-ID PLUS is a multidisciplinary pan-European collaborative partnership with people with accessibility needs, disability service user organizations and ad-vocacy groups, education, engineering, health academics and practitioners that addresses the challenge of digital inclusion and digital literacy among people with ID. DigiAcademy is an accessible digital skills e-learning platform co-innovated and co-designed, within the Digi-ID PLUS study, with and for people with accessibility needs to address this digital literacy and access challenge to ensure better health, well-being and inclusion outcomes. We have developed and applied a user-centered de-sign process which is inclusive and iterative and involves the users in all the different phases of the project. In this paper we present our inclusive co-creation process with adults with ID and original findings from our focus group and user testing sessions.</description></descriptions><fundingReferences /><formats><format>PDF</format></formats><resourceType resourceTypeGeneral="Conference paper" /><rightsList><rights rightsIdentifier="CC BY 4.0" rightsURI="https://creativecommons.org/licenses/by/4.0/legalcode" /></rightsList></resource>