<resource xmlns:xsi="http://www.w3.org/2001/XMLSchema-instance" xsi:schemaLocation="http://datacite.org/schema/kernel-4 https://schema.datacite.org/meta/kernel-4.4/metadata.xsd" xmlns="http://datacite.org/schema/kernel-4"><dates><date dateType="Available">2022-08-09</date></dates><alternateIdentifiers><alternateIdentifier alternateIdentifierType="urn">urn:nbn:at:at-ubl:3-13369</alternateIdentifier></alternateIdentifiers><identifier identifierType="DOI">10.35011/icchp-aaate22-p2-15</identifier><language>eng</language><creators><creator><creatorName nameType="Personal">Ossul-Vermehren, Ignacia</creatorName><givenName> Ignacia</givenName><familyName>Ossul-Vermehren</familyName></creator><creator><creatorName nameType="Personal">Walker, Julian</creatorName><givenName> Julian</givenName><familyName>Walker</familyName></creator></creators><titles><title>Assistive Technology in Urban Low-Income Communities in Sierra Leone and Indonesia</title></titles><publisher>Association ICCHP</publisher><publicationYear>2022</publicationYear><sizes><size>10 pages</size></sizes><descriptions><description descriptionType="SeriesInformation">ICCHP-AAATE 2022 Open Access Compendium "Assistive Technology, Accessibility and (e)Inclusion" Part II / Petz, Andrea ; Hoogerwerf, Evert-Jan ; Mavrou, Katerina, Seite 108-117</description><description descriptionType="Abstract">There is limited data on the prevalence of disability and need for Assistive Technology (AT) in low-income urban communities in the global South. Given the close association between disability and poverty, and that fact that in many contexts AT users need to pay to secure assistive products, it can be anticipated that residents of such settlements are likely to face particular challenges in accessing AT. This underlines the need for data to inform policy development to extend access to life-changing AT to this population. In order to address this knowledge gap, 4,256 individuals in five urban low-income communities in Sierra Leone and Indonesia were surveyed using the Rapid Assistive Technology Assessment (rATA) tool. Given the specific circumstances of our research population, we also adapted the rATA tool to introduce the category of &#8216;informal sector&#8217; as an AT provider in the rATA questionnaire. This paper presents our findings on patterns of AT need and access amongst the surveyed population, demonstrating a high level of unmet need, and also highlights the importance of distinguishing the informal sector as a key provider of AT to settlements of the urban poor.</description></descriptions><fundingReferences /><formats><format>PDF</format></formats><resourceType resourceTypeGeneral="Conference paper" /><rightsList><rights rightsIdentifier="CC BY 4.0" rightsURI="https://creativecommons.org/licenses/by/4.0/legalcode" /></rightsList></resource>