<resource xmlns:xsi="http://www.w3.org/2001/XMLSchema-instance" xsi:schemaLocation="http://datacite.org/schema/kernel-4 https://schema.datacite.org/meta/kernel-4.4/metadata.xsd" xmlns="http://datacite.org/schema/kernel-4"><dates><date dateType="Available">2022-08-02</date></dates><alternateIdentifiers><alternateIdentifier alternateIdentifierType="urn">urn:nbn:at:at-ubl:3-12984</alternateIdentifier></alternateIdentifiers><identifier identifierType="DOI">10.35011/icchp-aaate22-p1-25</identifier><language>eng</language><creators><creator><creatorName nameType="Personal">Mart&#237;n-Calpena, Beatriz Yoldi</creatorName><givenName> Beatriz Yoldi</givenName><familyName>Mart&#237;n-Calpena</familyName></creator><creator><creatorName nameType="Personal">Iglesias Maqueda, Anna Mar&#237;a</creatorName><givenName> Anna Mar&#237;a</givenName><familyName>Iglesias Maqueda</familyName></creator><creator><creatorName nameType="Personal">Morato Lara, Jorge Luis</creatorName><givenName> Jorge Luis</givenName><familyName>Morato Lara</familyName></creator></creators><titles><title>Impact of the Layout on Web Comprehension</title></titles><publisher>Association ICCHP</publisher><publicationYear>2022</publicationYear><sizes><size>9 pages</size></sizes><descriptions><description descriptionType="SeriesInformation">ICCHP-AAATE 2022 Open Access Compendium "Assistive Technology, Accessibility and (e)Inclusion" Part I / Petz, Andrea ; Hoogerwerf, Evert-Jan ; Mavrou, Katerina, Seite 193-201</description><description descriptionType="Abstract">In this day and age everybody makes use of the Internet and all the content it provides, but there are groups of people that may face some problems to consume this information because of their disabilities, age or even education. Some entities have tried to help solve this problem by providing guidelines and laws to improve the readability and accessibility of web pages and its content. In this paper we have studied these recommendations in search of some web elements that may help improve content comprehensibility. Moreover, we have collected a corpus made up of a great variety of different web pages and extracted those web elements. Thanks to machine learning algorithms we have obtained a classification model, using all the elements extracted from the corpus, that helps classify a web page according to its comprehension difficulty.</description></descriptions><fundingReferences /><formats><format>PDF</format></formats><resourceType resourceTypeGeneral="Conference paper" /><rightsList><rights rightsIdentifier="CC BY 4.0" rightsURI="https://creativecommons.org/licenses/by/4.0/legalcode" /></rightsList></resource>