<resource xmlns:xsi="http://www.w3.org/2001/XMLSchema-instance" xsi:schemaLocation="http://datacite.org/schema/kernel-4 https://schema.datacite.org/meta/kernel-4.4/metadata.xsd" xmlns="http://datacite.org/schema/kernel-4"><dates><date dateType="Available">2022-08-02</date></dates><alternateIdentifiers><alternateIdentifier alternateIdentifierType="urn">urn:nbn:at:at-ubl:3-12806</alternateIdentifier></alternateIdentifiers><identifier identifierType="DOI">10.35011/icchp-aaate22-p1-07</identifier><language>eng</language><creators><creator><creatorName nameType="Personal">Sik-Lanyi, Cecilia</creatorName><givenName> Cecilia</givenName><familyName>Sik-Lanyi</familyName></creator><creator><creatorName nameType="Personal">Havasi, Agnes</creatorName><givenName> Agnes</givenName><familyName>Havasi</familyName></creator><creator><creatorName nameType="Personal">Kancs&#243;, Martin</creatorName><givenName> Martin</givenName><familyName>Kancs&#243;</familyName></creator><creator><creatorName nameType="Personal">Imre, Anna</creatorName><givenName> Anna</givenName><familyName>Imre</familyName></creator><creator><creatorName nameType="Personal">Halmosi, Bence</creatorName><givenName> Bence</givenName><familyName>Halmosi</familyName></creator></creators><titles><title>&#8220;InfoBase&#8221;</title><title titleType="Subtitle">Design a User-Friendly Online Database to Support People with Autism</title></titles><publisher>Association ICCHP</publisher><publicationYear>2022</publicationYear><sizes><size>9 pages</size></sizes><descriptions><description descriptionType="SeriesInformation">ICCHP-AAATE 2022 Open Access Compendium "Assistive Technology, Accessibility and (e)Inclusion" Part I / Petz, Andrea ; Hoogerwerf, Evert-Jan ; Mavrou, Katerina, Seite 49-57</description><description descriptionType="Abstract">"InfoBase&#8221; is an informative database for the Hungarian National Au-tistic Association (HNAA). The aim of the InfoBase is to provide parents, pro-fessionals, and those interested with fast, accurate information about HNAA ser-vices and other professional information related to autism from one place. Cur-rently, the database provides information to be uploaded in three categories: HNAA services, autism-related movies and books, and autism-specific methods and tools. It is possible to filter the display of data, and it is possible for users to expand this database with administrative management. This paper shows the de-sign, development, and results of the testing of &#8220;InfoBase&#8221;.</description></descriptions><fundingReferences /><formats><format>PDF</format></formats><resourceType resourceTypeGeneral="Conference paper" /><rightsList><rights rightsIdentifier="CC BY 4.0" rightsURI="https://creativecommons.org/licenses/by/4.0/legalcode" /></rightsList></resource>