<resource xmlns:xsi="http://www.w3.org/2001/XMLSchema-instance" xsi:schemaLocation="http://datacite.org/schema/kernel-4 https://schema.datacite.org/meta/kernel-4.4/metadata.xsd" xmlns="http://datacite.org/schema/kernel-4"><dates><date dateType="Available">2022-08-02</date></dates><alternateIdentifiers><alternateIdentifier alternateIdentifierType="urn">urn:nbn:at:at-ubl:3-13167</alternateIdentifier></alternateIdentifiers><identifier identifierType="DOI">10.35011/icchp-aaate22-p1-43</identifier><language>eng</language><creators><creator><creatorName nameType="Personal">Heijkers, J.</creatorName><givenName> J.</givenName><familyName>Heijkers</familyName></creator><creator><creatorName nameType="Personal">Lexis, Mas</creatorName><givenName> Mas</givenName><familyName>Lexis</familyName></creator><creator><creatorName nameType="Personal">Schiffelers, T.</creatorName><givenName> T.</givenName><familyName>Schiffelers</familyName></creator><creator><creatorName nameType="Personal">Aarts, S.</creatorName><givenName> S.</givenName><familyName>Aarts</familyName></creator><creator><creatorName nameType="Personal">Daniels, R.</creatorName><givenName> R.</givenName><familyName>Daniels</familyName></creator></creators><titles><title>SmartGlass Implementation</title><title titleType="Subtitle">Lessons Learned in Long-Term Elderly Care</title></titles><publisher>Association ICCHP</publisher><publicationYear>2022</publicationYear><sizes><size>5 pages</size></sizes><descriptions><description descriptionType="SeriesInformation">ICCHP-AAATE 2022 Open Access Compendium "Assistive Technology, Accessibility and (e)Inclusion" Part I / Petz, Andrea ; Hoogerwerf, Evert-Jan ; Mavrou, Katerina, Seite 341-345</description><description descriptionType="Abstract">In Long-Term Care for elderly people in the Netherlands, the demand for care is growing and the number of vacancies is increasing. One of the possible solutions to address these developments are innovative technological solutions. An innovative solution could be telemedicine, such as SmartGlass. SmartGlass provides caregivers the possibility to watch and communicate remotely. Due to the covid-19 crisis, the provision of remote care became a necessity, which unexpectedly increased the interest in and the need for use of the SmartGlass by healthcare professionals. This one-year project researched factors that influence implementation of the SmartGlass on the work floor and the perspective of managers and project leaders on the business case. The aim of the project was to implement four use cases: remote triage (screening),wound care, training of students and observation of misunderstood behavior. A mixed-methods approach was carried out. Questionnaires on frequency and duration of use, reason for use, and manageability and functionalities of technology were completed by healthcare professionals (N=110). Individual interviews were held with geriatrics specialists, nurses and psychologists (N=27). Two focus group interviews were held with 8 project leaders and managers. The results of this study indicated positive experiences with the application of SmartGlass technology in long-term care facilities. However, several factors concerning the users, the organization, the technology and the supplier should be taken into account when implementing such a telemedicine intervention, as well as factors that will lead to efficiency gains for a business case.</description></descriptions><fundingReferences /><formats><format>PDF</format></formats><resourceType resourceTypeGeneral="Conference paper" /><rightsList><rights rightsIdentifier="CC BY 4.0" rightsURI="https://creativecommons.org/licenses/by/4.0/legalcode" /></rightsList></resource>