<resource xmlns:xsi="http://www.w3.org/2001/XMLSchema-instance" xsi:schemaLocation="http://datacite.org/schema/kernel-4 https://schema.datacite.org/meta/kernel-4.4/metadata.xsd" xmlns="http://datacite.org/schema/kernel-4"><dates><date dateType="Available">2022-08-02</date></dates><alternateIdentifiers><alternateIdentifier alternateIdentifierType="urn">urn:nbn:at:at-ubl:3-13154</alternateIdentifier></alternateIdentifiers><identifier identifierType="DOI">10.35011/icchp-aaate22-p1-42</identifier><language>eng</language><creators><creator><creatorName nameType="Personal">Smith, suzanne</creatorName><givenName> suzanne</givenName><familyName>Smith</familyName></creator><creator><creatorName nameType="Personal">McAleer, Patricia</creatorName><givenName> Patricia</givenName><familyName>McAleer</familyName></creator><creator><creatorName nameType="Personal">Doyle, Julie</creatorName><givenName> Julie</givenName><familyName>Doyle</familyName></creator><creator><creatorName nameType="Personal">Gavin, Shane</creatorName><givenName> Shane</givenName><familyName>Gavin</familyName></creator><creator><creatorName nameType="Personal">Dinsmore, John</creatorName><givenName> John</givenName><familyName>Dinsmore</familyName></creator></creators><titles><title>Technical Support Needs of Older Users of Digital Health Technologies to Support Self-Management of Multimorbidity</title></titles><publisher>Association ICCHP</publisher><publicationYear>2022</publicationYear><sizes><size>9 pages</size></sizes><descriptions><description descriptionType="SeriesInformation">ICCHP-AAATE 2022 Open Access Compendium "Assistive Technology, Accessibility and (e)Inclusion" Part I / Petz, Andrea ; Hoogerwerf, Evert-Jan ; Mavrou, Katerina, Seite 332-340</description><description descriptionType="Abstract">Marketplace digital health and wellness devices have become more accessible, but there has been little examination of the specific issues that arise when such devices are deployed to large groups of novice digital technology users, such as older adults, for use over time. ProACT, a digital application and technology platform, is designed to support older people to self-manage multiple chronic health conditions. Analysis of technical support records, relating to participants of the 12-month ProACT proof-of-concept trial in Ireland, identified hardware, software and user issues with the technology. Meeting these needs required flexibility, good communication, respect, and speed from the research team. Enabling maximum engagement with new DHTs requires understanding the challenges end-users may experience, particularly those with minimal previous experience with such technologies.</description></descriptions><fundingReferences /><formats><format>PDF</format></formats><resourceType resourceTypeGeneral="Conference paper" /><rightsList><rights rightsIdentifier="CC BY 4.0" rightsURI="https://creativecommons.org/licenses/by/4.0/legalcode" /></rightsList></resource>