<resource xmlns:xsi="http://www.w3.org/2001/XMLSchema-instance" xsi:schemaLocation="http://datacite.org/schema/kernel-4 https://schema.datacite.org/meta/kernel-4.4/metadata.xsd" xmlns="http://datacite.org/schema/kernel-4"><dates><date dateType="Available">2022-08-02</date></dates><alternateIdentifiers><alternateIdentifier alternateIdentifierType="urn">urn:nbn:at:at-ubl:3-12971</alternateIdentifier></alternateIdentifiers><identifier identifierType="DOI">10.35011/icchp-aaate22-p1-24</identifier><language>eng</language><creators><creator><creatorName nameType="Personal">Ram&#244;a, Gaspar</creatorName><givenName> Gaspar</givenName><familyName>Ram&#244;a</familyName></creator></creators><titles><title>Classification of 2d Refreshable Tactile User Interfaces</title></titles><publisher>Association ICCHP</publisher><publicationYear>2022</publicationYear><sizes><size>8 pages</size></sizes><descriptions><description descriptionType="SeriesInformation">ICCHP-AAATE 2022 Open Access Compendium "Assistive Technology, Accessibility and (e)Inclusion" Part I / Petz, Andrea ; Hoogerwerf, Evert-Jan ; Mavrou, Katerina, Seite 185-192</description><description descriptionType="Abstract">Enabling blind and visually impaired persons to perceive and interact with two-dimensional data such as graphs, images, tables, flow charts, math for-mulas, web pages, and floor plans has now become feasible. A radically emerging technology, two-dimensional refreshable tactile (2DRT) displays, can present graphical data to blind persons through refreshable tactile pins (raised up and down) distributed on a two-dimensional surface. While hardware development continuously advances, user interface development has not progressed likewise. To advance 2DRT displays, we performed an analysis and classification of 18 user interfaces based on hardware-software aspects. The comparison is formed in 3 areas, hardware specifications, interaction &amp; software features, and domain coverage. Results show that 2DRT devices differ in hardware-software UI ele-ments by using distinct screen sizes, interaction functions, element operations, finger recognition, and sound support. Conclusions confirm that some developed interesting interactions, but user interface design has not matured yet in this tech-nology field.</description></descriptions><fundingReferences /><formats><format>PDF</format></formats><resourceType resourceTypeGeneral="Conference paper" /><rightsList><rights rightsIdentifier="CC BY 4.0" rightsURI="https://creativecommons.org/licenses/by/4.0/legalcode" /></rightsList></resource>