<resource xmlns:xsi="http://www.w3.org/2001/XMLSchema-instance" xsi:schemaLocation="http://datacite.org/schema/kernel-4 https://schema.datacite.org/meta/kernel-4.4/metadata.xsd" xmlns="http://datacite.org/schema/kernel-4"><dates><date dateType="Available">2022-08-02</date></dates><alternateIdentifiers><alternateIdentifier alternateIdentifierType="urn">urn:nbn:at:at-ubl:3-13001</alternateIdentifier></alternateIdentifiers><identifier identifierType="DOI">10.35011/icchp-aaate22-p1-27</identifier><language>eng</language><creators><creator><creatorName nameType="Personal">Chambers, Dianne</creatorName><givenName> Dianne</givenName><familyName>Chambers</familyName></creator><creator><creatorName nameType="Personal">Gallup, Jennifer</creatorName><givenName> Jennifer</givenName><familyName>Gallup</familyName></creator></creators><titles><title>Using Robotics to Support Social Learning for Adolescents with Autism Spectrum Disorder</title></titles><publisher>Association ICCHP</publisher><publicationYear>2022</publicationYear><sizes><size>8 pages</size></sizes><descriptions><description descriptionType="SeriesInformation">ICCHP-AAATE 2022 Open Access Compendium "Assistive Technology, Accessibility and (e)Inclusion" Part I / Petz, Andrea ; Hoogerwerf, Evert-Jan ; Mavrou, Katerina, Seite 210-217</description><description descriptionType="Abstract">This paper will present a pilot program run in Australia and the USA to evaluate the effectiveness of coding robotics and tools within inclusive STEM lessons as they are used to support social-emotional learning and the acquisition of soft-skills in middle-level classrooms. Students with Autism Spectrum Disor-der worked collaboratively to use small coding robots (Ozobots) to solve a vari-ety of problems and tasks. A final task required that they teach students without disabilities to use the Ozobot, taking on the role of an expert. Data were collected using a modified rating scale, modified by the researchers and validated by a panel of experts in the field. The scale included verbal, non-verbal, communica-tion roadblocks, self-control, and relationship measures. The rating scale was completed by the classroom teacher for each participant, before the program and at the conclusion of the program. Combined country results from the pilot pro-grams indicated statistically significant changes in non-verbal communication, self-control, and relationships evident on completion of the program. The teach-ers were interviewed and indicated that many STEM and soft skills were devel-oped throughout the program including curiosity; problem-solving; flexibility; accuracy; social awareness; collaboration; creativity/innovation; responsibility; and persistence. Areas for discussion include the role of the teacher as facilitator of learning, best ways to integrate the coding robots into the curriculum and areas of social skill development that are supported by the use of coding robots.</description></descriptions><fundingReferences /><formats><format>PDF</format></formats><resourceType resourceTypeGeneral="Conference paper" /><rightsList><rights rightsIdentifier="CC BY 4.0" rightsURI="https://creativecommons.org/licenses/by/4.0/legalcode" /></rightsList></resource>