<resource xmlns:xsi="http://www.w3.org/2001/XMLSchema-instance" xsi:schemaLocation="http://datacite.org/schema/kernel-4 https://schema.datacite.org/meta/kernel-4.4/metadata.xsd" xmlns="http://datacite.org/schema/kernel-4"><dates><date dateType="Available">2022-08-09</date></dates><alternateIdentifiers><alternateIdentifier alternateIdentifierType="urn">urn:nbn:at:at-ubl:3-13358</alternateIdentifier></alternateIdentifiers><identifier identifierType="DOI">10.35011/icchp-aaate22-p2-14</identifier><language>eng</language><creators><creator><creatorName nameType="Personal">Borg, Johan</creatorName><givenName> Johan</givenName><familyName>Borg</familyName></creator><creator><creatorName nameType="Personal">Zhang, Wei</creatorName><givenName> Wei</givenName><familyName>Zhang</familyName></creator></creators><titles><title>Assistive Technology Needs, Use and Experiences among Adults in Sweden Based on a Nationally Representative Survey</title></titles><publisher>Association ICCHP</publisher><publicationYear>2022</publicationYear><sizes><size>7 pages</size></sizes><descriptions><description descriptionType="SeriesInformation">ICCHP-AAATE 2022 Open Access Compendium "Assistive Technology, Accessibility and (e)Inclusion" Part II / Petz, Andrea ; Hoogerwerf, Evert-Jan ; Mavrou, Katerina, Seite 101-107</description><description descriptionType="Abstract">The objective of the study was to estimate the prevalence of needs for and use of assistive products, and experiences of assistive technology among adults under COVID-19 pandemic circumstances in Sweden. Mainly during June 2021, a nationally representative telephone survey was conducted to collect data through an adapted version of the WHO rapid Assistive Technology Assessment (rATA) questionnaire. Including spectacles, the prevalence of needing at least one assistive product was 68.9% and the prevalence of using at least one assistive product was 68.1%. Excluding spectacles, these prevalence rates were 17.1% and 15.8%, respectively. The access rate was 89.7% including spectacles and 83.2% excluding spectacles. The impact of the pandemic on assistive technology provision appeared to be relatively small.</description></descriptions><fundingReferences /><formats><format>PDF</format></formats><resourceType resourceTypeGeneral="Conference paper" /><rightsList><rights rightsIdentifier="CC BY 4.0" rightsURI="https://creativecommons.org/licenses/by/4.0/legalcode" /></rightsList></resource>