<resource xmlns:xsi="http://www.w3.org/2001/XMLSchema-instance" xsi:schemaLocation="http://datacite.org/schema/kernel-4 https://schema.datacite.org/meta/kernel-4.4/metadata.xsd" xmlns="http://datacite.org/schema/kernel-4"><dates><date dateType="Available">2022-08-02</date></dates><alternateIdentifiers><alternateIdentifier alternateIdentifierType="urn">urn:nbn:at:at-ubl:3-13074</alternateIdentifier></alternateIdentifiers><language>eng</language><creators><creator><creatorName nameType="Personal">Wilson, Michael</creatorName><givenName> Michael</givenName><familyName>Wilson</familyName></creator><creator><creatorName nameType="Personal">Doyle, Julie</creatorName><givenName> Julie</givenName><familyName>Doyle</familyName></creator><creator><creatorName nameType="Personal">Marron, Ann</creatorName><givenName> Ann</givenName><familyName>Marron</familyName></creator><creator><creatorName nameType="Personal">Turner, Jonathan</creatorName><givenName> Jonathan</givenName><familyName>Turner</familyName></creator><creator><creatorName nameType="Personal">Nugent, Ciaran</creatorName><givenName> Ciaran</givenName><familyName>Nugent</familyName></creator><creator><creatorName nameType="Personal">O'Sullivan, Dympna</creatorName><givenName> Dympna</givenName><familyName>O'Sullivan</familyName></creator></creators><titles><title>Co-Design to Support Engagement in Activities of Daily Living and Meaningful Activities for People Living with Dementia</title></titles><publisher>Association ICCHP</publisher><publicationYear>2022</publicationYear><sizes><size>8 pages</size></sizes><descriptions><description descriptionType="SeriesInformation">ICCHP-AAATE 2022 Open Access Compendium "Assistive Technology, Accessibility and (e)Inclusion" Part I / Petz, Andrea ; Hoogerwerf, Evert-Jan ; Mavrou, Katerina, Seite 264-271</description><description descriptionType="Abstract">Dementia is a chronic and progressive neurodegenerative illness, which can lead to significant difficulties in a person&#8217;s capacity to perform activities of daily living and engage in meaningful activities. The Smart Dementia Care project aims to establish an understanding of how best to design digital tools that persons with dementia and their carers will find useful and usable for care planning and goal setting. This paper discusses the first phase of this project and describes how co-design is being used to support engagement in activities of daily living and meaningful activities for people living with the early stages of dementia, with such engagement intended to extend the period of independent living for the person with dementia. It is anticipated that adopting a co-design approach and involving people living with dementia throughout the design cycle will allow for an application that is viewed as usable and intuitive while also acting as a tool of empowerment rather than a burden. At the same time, the intention is that integrating personalized goal-setting functionality focussing on individualized activities and everyday tasks will result in a system that is useful and effective.</description></descriptions><fundingReferences /><formats><format>PDF</format></formats><resourceType resourceTypeGeneral="Conference paper" /><rightsList><rights rightsIdentifier="CC BY 4.0" rightsURI="https://creativecommons.org/licenses/by/4.0/legalcode" /></rightsList></resource>