<resource xmlns:xsi="http://www.w3.org/2001/XMLSchema-instance" xsi:schemaLocation="http://datacite.org/schema/kernel-4 https://schema.datacite.org/meta/kernel-4.4/metadata.xsd" xmlns="http://datacite.org/schema/kernel-4"><dates><date dateType="Available">2022-08-04</date></dates><alternateIdentifiers><alternateIdentifier alternateIdentifierType="urn">urn:nbn:at:at-ubl:3-13184</alternateIdentifier></alternateIdentifiers><identifier identifierType="DOI">10.35011/icchp-aaate22-p1-02</identifier><language>eng</language><creators><creator><creatorName nameType="Personal">Takeuchi, Yoshinori</creatorName><givenName> Yoshinori</givenName><familyName>Takeuchi</familyName></creator><creator><creatorName nameType="Personal">Tsuji, Yuta</creatorName><givenName> Yuta</givenName><familyName>Tsuji</familyName></creator></creators><titles><title>An Architecture of Deep Neural Networks for Expiry Date Recognition System</title></titles><publisher>Association ICCHP</publisher><publicationYear>2022</publicationYear><sizes><size>5 pages</size></sizes><descriptions><description descriptionType="SeriesInformation">ICCHP-AAATE 2022 Open Access Compendium "Assistive Technology, Accessibility and (e)Inclusion" Part I / Petz, Andrea ; Hoogerwerf, Evert-Jan ; Mavrou, Katerina, Seite 15-21</description><description descriptionType="Abstract">Visually impaired people want to know about expiry date of perishable foods during shopping and they want to enjoy shopping without help of others. In this paper, we propose a system which recognizes the expiry date in the image automatically and tells them the recognized date. The system is divided into two parts. At first, the system detects the expiry date region from the input whole image. Then, it recognizes the date from the region of the image. In this paper, we focus on the latter part of the system. It consists of a neural network (NN) which inputs the image and outputs the expiry date. The NN consists of 4 convo-lutional layers, 2 max pooling layers and 5 fully connected NNs. We devise the output layer to prevent the output of impossible dates. We corrected 140 images of expiry dates and used 100 images for training and 40 images for testing. The number of the images was not enough for training; therefore, we increased the training images by synthesizing the image. We created total of 100,000 synthe-sized images and used for training and validation. We input 40 images which was not used in training. The result shows that 39 of 40 images were correctly recog-nized.</description></descriptions><fundingReferences /><formats><format>PDF</format></formats><resourceType resourceTypeGeneral="Conference paper" /><rightsList><rights rightsIdentifier="CC BY 4.0" rightsURI="https://creativecommons.org/licenses/by/4.0/legalcode" /></rightsList></resource>