<resource xmlns:xsi="http://www.w3.org/2001/XMLSchema-instance" xsi:schemaLocation="http://datacite.org/schema/kernel-4 https://schema.datacite.org/meta/kernel-4.4/metadata.xsd" xmlns="http://datacite.org/schema/kernel-4"><dates><date dateType="Available">2022-08-02</date></dates><alternateIdentifiers><alternateIdentifier alternateIdentifierType="urn">urn:nbn:at:at-ubl:3-12950</alternateIdentifier></alternateIdentifiers><identifier identifierType="DOI">10.35011/icchp-aaate22-p1-22</identifier><language>eng</language><creators><creator><creatorName nameType="Personal">Piskorek, Patricia</creatorName><givenName> Patricia</givenName><familyName>Piskorek</familyName></creator><creator><creatorName nameType="Personal">Sienel, Nadine</creatorName><givenName> Nadine</givenName><familyName>Sienel</familyName></creator><creator><creatorName nameType="Personal">Kuhn, Korbinian</creatorName><givenName> Korbinian</givenName><familyName>Kuhn</familyName></creator><creator><creatorName nameType="Personal">Kersken, Verena</creatorName><givenName> Verena</givenName><familyName>Kersken</familyName></creator><creator><creatorName nameType="Personal">Zimmermann, Gottfried</creatorName><givenName> Gottfried</givenName><familyName>Zimmermann</familyName></creator></creators><titles><title>Evaluating Collaborative Editing of AI-Generated Live Subtitles by Non-Professionals in German University Lectures</title></titles><publisher>Association ICCHP</publisher><publicationYear>2022</publicationYear><sizes><size>11 pages</size></sizes><descriptions><description descriptionType="SeriesInformation">ICCHP-AAATE 2022 Open Access Compendium "Assistive Technology, Accessibility and (e)Inclusion" Part I / Petz, Andrea ; Hoogerwerf, Evert-Jan ; Mavrou, Katerina, Seite 165-175</description><description descriptionType="Abstract">Subtitles are an important accessibility feature for deaf and hard of hearing students. The automatic generation of subtitles with artificial intelligence provides a fast and cost-effective way to make lectures more accessible. How-ever, automatically generated subtitles are not sufficiently accurate for compre-hension. One possible way to increase the accuracy of subtitles in a lecture setting is through a collaborative editing process by amateurs in a live setting. To this end, we conducted a Wizard-of-Oz test to simulate the process of live-editing a university lecture. Participants watched a lecture recording and collaboratively edited AI-generated subtitles in small teams. Subtitles were either presented sim-ultaneously or with a delay that simulated a realistic processing time of the AI. Participants reported their cognitive load and how well they could follow the content of the lecture. The accuracy of subtitles was measured using the Word Error Rate (WER). Manual editing under both conditions reduced the WER of the AI-generated subtitles. Participants receiving subtitles simultaneously achieved a lower WER, reported a lower cognitive workload and could follow the content of the lecture better than those experiencing a delay in the presenta-tion of subtitles. A minimal offset between the audio content and the presentation of subtitles supports amateurs in editing subtitles.</description></descriptions><fundingReferences /><formats><format>PDF</format></formats><resourceType resourceTypeGeneral="Conference paper" /><rightsList><rights rightsIdentifier="CC BY 4.0" rightsURI="https://creativecommons.org/licenses/by/4.0/legalcode" /></rightsList></resource>