<resource xmlns:xsi="http://www.w3.org/2001/XMLSchema-instance" xsi:schemaLocation="http://datacite.org/schema/kernel-4 https://schema.datacite.org/meta/kernel-4.4/metadata.xsd" xmlns="http://datacite.org/schema/kernel-4"><dates><date dateType="Available">2022-08-02</date></dates><alternateIdentifiers><alternateIdentifier alternateIdentifierType="urn">urn:nbn:at:at-ubl:3-13143</alternateIdentifier></alternateIdentifiers><identifier identifierType="DOI">10.35011/icchp-aaate22-p1-41</identifier><language>eng</language><creators><creator><creatorName nameType="Personal">van Leeuwen, Cora</creatorName><givenName> Cora</givenName><familyName>van Leeuwen</familyName></creator><creator><creatorName nameType="Personal">Jacobs, An</creatorName><givenName> An</givenName><familyName>Jacobs</familyName></creator></creators><titles><title>Narratives of Digital Technology Use: Understanding the Role of Ageism in the Digital Inclusion of Older Adults</title></titles><publisher>Association ICCHP</publisher><publicationYear>2022</publicationYear><sizes><size>8 pages</size></sizes><descriptions><description descriptionType="SeriesInformation">ICCHP-AAATE 2022 Open Access Compendium "Assistive Technology, Accessibility and (e)Inclusion" Part I / Petz, Andrea ; Hoogerwerf, Evert-Jan ; Mavrou, Katerina, Seite 324-331</description><description descriptionType="Abstract">A growing ageing population introduces unique challenges in providing healthcare and government support. Proposed solutions often involve digital solutions. This means that digital inclusion of older adults has become an im-portant subject for research. Our study aims to provide insight in how ageism is involved in older adults&#8217; narratives of digital technology use and how it affects digital inclusion. We conducted a thematic analysis of 37 semi-structured interviews with self-proclaimed digital technology users aged between 66 and 84 and Dutch speaking from Belgium. The analysis resulted in four themes that position the digital older adult in a more privileged position. Furthermore, we found that the narratives were built upon thought patterns and behaviour consisted with their previous life experience.</description></descriptions><fundingReferences /><formats><format>PDF</format></formats><resourceType resourceTypeGeneral="Conference paper" /><rightsList><rights rightsIdentifier="CC BY 4.0" rightsURI="https://creativecommons.org/licenses/by/4.0/legalcode" /></rightsList></resource>