<resource xmlns:xsi="http://www.w3.org/2001/XMLSchema-instance" xsi:schemaLocation="http://datacite.org/schema/kernel-4 https://schema.datacite.org/meta/kernel-4.4/metadata.xsd" xmlns="http://datacite.org/schema/kernel-4"><dates><date dateType="Available">2022-08-09</date></dates><alternateIdentifiers><alternateIdentifier alternateIdentifierType="urn">urn:nbn:at:at-ubl:3-13411</alternateIdentifier></alternateIdentifiers><identifier identifierType="DOI">10.35011/icchp-aaate22-p2-20</identifier><language>eng</language><creators><creator><creatorName nameType="Personal">Damdinsuren, Tulgamaa</creatorName><givenName> Tulgamaa</givenName><familyName>Damdinsuren</familyName></creator><creator><creatorName nameType="Personal">Bayarmagnai, Narantuya</creatorName><givenName> Narantuya</givenName><familyName>Bayarmagnai</familyName></creator><creator><creatorName nameType="Personal">Avirmed, Amarbal</creatorName><givenName> Amarbal</givenName><familyName>Avirmed</familyName></creator><creator><creatorName nameType="Personal">Munkhjargal, Nomingerel</creatorName><givenName> Nomingerel</givenName><familyName>Munkhjargal</familyName></creator><creator><creatorName nameType="Personal">Sukhbaatar,Bolormaa</creatorName><givenName>Bolormaa</givenName><familyName>Sukhbaatar</familyName></creator></creators><titles><title>Understanding the Needs of Assistive Products in Mongolia through WHO&#8217;s rATA Survey</title></titles><publisher>Association ICCHP</publisher><publicationYear>2022</publicationYear><sizes><size>6 pages</size></sizes><descriptions><description descriptionType="SeriesInformation">ICCHP-AAATE 2022 Open Access Compendium "Assistive Technology, Accessibility and (e)Inclusion" Part II / Petz, Andrea ; Hoogerwerf, Evert-Jan ; Mavrou, Katerina, Seite 155-160</description><description descriptionType="Abstract">Mongolia conducted a rapid Assistive Technology Assessment (rATA) survey in 2021 using an assessment tool developed by the World Health Organisation (WHO). The survey involved different Government and non-governmental stakeholders. The country was divided into 4 regions and using a 2-step random sampling method, 137 clusters were identified for the survey, including 2 provinces in each region. A total of 2,868 households and more than 10,000 persons were interviewed. The data was analysed by a team from WHO. This paper explains the challenges linked to conducting such a large survey in Mongolia due to its geographical and demographic characteristics. It also presents the main findings from the rATA survey and how these findings can be used for strengthening the access to assistive technology services in the country.</description></descriptions><fundingReferences /><formats><format>PDF</format></formats><resourceType resourceTypeGeneral="Conference paper" /><rightsList><rights rightsIdentifier="CC BY 4.0" rightsURI="https://creativecommons.org/licenses/by/4.0/legalcode" /></rightsList></resource>