<resource xmlns:xsi="http://www.w3.org/2001/XMLSchema-instance" xsi:schemaLocation="http://datacite.org/schema/kernel-4 https://schema.datacite.org/meta/kernel-4.4/metadata.xsd" xmlns="http://datacite.org/schema/kernel-4"><dates><date dateType="Available">2022-08-02</date></dates><alternateIdentifiers><alternateIdentifier alternateIdentifierType="urn">urn:nbn:at:at-ubl:3-12900</alternateIdentifier></alternateIdentifiers><identifier identifierType="DOI">10.35011/icchp-aaate22-p1-17</identifier><language>eng</language><creators><creator><creatorName nameType="Personal">Clastres-Babou, Flavien</creatorName><givenName> Flavien</givenName><familyName>Clastres-Babou</familyName></creator><creator><creatorName nameType="Personal">Calmels, Charline</creatorName><givenName> Charline</givenName><familyName>Calmels</familyName></creator><creator><creatorName nameType="Personal">Vella, Fr&#233;d&#233;ric</creatorName><givenName> Fr&#233;d&#233;ric</givenName><familyName>Vella</familyName></creator><creator><creatorName nameType="Personal">Vigouroux, Nadine</creatorName><givenName> Nadine</givenName><familyName>Vigouroux</familyName></creator><creator><creatorName nameType="Personal">Truillet, Philippe</creatorName><givenName> Philippe</givenName><familyName>Truillet</familyName></creator><creator><creatorName nameType="Personal">Mercadier, Caroline</creatorName><givenName> Caroline</givenName><familyName>Mercadier</familyName></creator><creator><creatorName nameType="Personal">Gigaud, Karine</creatorName><givenName> Karine</givenName><familyName>Gigaud</familyName></creator><creator><creatorName nameType="Personal">Issanchou, Margot</creatorName><givenName> Margot</givenName><familyName>Issanchou</familyName></creator><creator><creatorName nameType="Personal">Gourinovitch, Kristina</creatorName><givenName> Kristina</givenName><familyName>Gourinovitch</familyName></creator><creator><creatorName nameType="Personal">Garaix, Anne</creatorName><givenName> Anne</givenName><familyName>Garaix</familyName></creator></creators><titles><title>Participation of Stakeholder in the Design of a Conception Application of Augmentative and Alternative Communication</title></titles><publisher>Association ICCHP</publisher><publicationYear>2022</publicationYear><sizes><size>8 pages</size></sizes><descriptions><description descriptionType="SeriesInformation">ICCHP-AAATE 2022 Open Access Compendium "Assistive Technology, Accessibility and (e)Inclusion" Part I / Petz, Andrea ; Hoogerwerf, Evert-Jan ; Mavrou, Katerina, Seite 124-131</description><description descriptionType="Abstract">The objective of this paper is to describe the implication of an inter-disciplinary team involved during a user-centered design methodology to design the platform (WebSoKeyTo) that meets the needs of therapists to design augmentative and alternative communication (AAC) aids for disabled users. We de-scribe the processes of the design process and the role of the various actors (therapists and human computer researchers) in the various phases of the process. Finally, we analyze a satisfaction scale of the therapists on their participation in the codesign process. This study demonstrates the interest in extending the design actors to other therapists and caregivers (professional and family) in the daily life of people with disabilities.</description></descriptions><fundingReferences /><formats><format>PDF</format></formats><resourceType resourceTypeGeneral="Conference paper" /><rightsList><rights rightsIdentifier="CC BY 4.0" rightsURI="https://creativecommons.org/licenses/by/4.0/legalcode" /></rightsList></resource>