<resource xmlns:xsi="http://www.w3.org/2001/XMLSchema-instance" xsi:schemaLocation="http://datacite.org/schema/kernel-4 https://schema.datacite.org/meta/kernel-4.4/metadata.xsd" xmlns="http://datacite.org/schema/kernel-4"><dates><date dateType="Available">2022-08-09</date></dates><alternateIdentifiers><alternateIdentifier alternateIdentifierType="urn">urn:nbn:at:at-ubl:3-13236</alternateIdentifier></alternateIdentifiers><identifier identifierType="DOI">10.35011/icchp-aaate22-p2-02</identifier><language>eng</language><creators><creator><creatorName nameType="Personal">Gleitman, Ilana</creatorName><givenName> Ilana</givenName><familyName>Gleitman</familyName></creator><creator><creatorName nameType="Personal">Shaked-Koprak, Ravit</creatorName><givenName> Ravit</givenName><familyName>Shaked-Koprak</familyName></creator><creator><creatorName nameType="Personal">Vax, Sigal</creatorName><givenName> Sigal</givenName><familyName>Vax</familyName></creator><creator><creatorName nameType="Personal">Yabo, Mariela</creatorName><givenName> Mariela</givenName><familyName>Yabo</familyName></creator><creator><creatorName nameType="Personal">Ran, Moran</creatorName><givenName> Moran</givenName><familyName>Ran</familyName></creator><creator><creatorName nameType="Personal">Tsabar, Orly</creatorName><givenName> Orly</givenName><familyName>Tsabar</familyName></creator><creator><creatorName nameType="Personal">Stern, Efrat</creatorName><givenName> Efrat</givenName><familyName>Stern</familyName></creator><creator><creatorName nameType="Personal">Grinstein, Orit</creatorName><givenName> Orit</givenName><familyName>Grinstein</familyName></creator><creator><creatorName nameType="Personal">Ran, Ronit</creatorName><givenName> Ronit</givenName><familyName>Ran</familyName></creator></creators><titles><title>&#8220;Timing is Everything&#8221;</title><title titleType="Subtitle">Developing a new Assistive Technology Service Delivery Model in Israel during the COVID-19 Pandemic</title></titles><publisher>Association ICCHP</publisher><publicationYear>2022</publicationYear><sizes><size>11 pages</size></sizes><descriptions><description descriptionType="SeriesInformation">ICCHP-AAATE 2022 Open Access Compendium "Assistive Technology, Accessibility and (e)Inclusion" Part II / Petz, Andrea ; Hoogerwerf, Evert-Jan ; Mavrou, Katerina, Seite 14-24</description><description descriptionType="Abstract">Though technological solutions are often described as holding a great promise for the equal, dignified, and independent living of their owners, they seem to be short of reaching their full potential. This is the result of many intervening and interconnected factors such as lack of awareness, partial accessibility to solutions and services, funding policies and a crucial need of developing and implementing effective service delivery models. The COVID-19 pandemic erupted in early 2020, led to far-reaching consequences for all aspects of society, including the health and welfare systems. In such complex conditions, where many health services are delivered remotely and priorities change, people with disabilities who use Assistive Technology (AT) are likely to be highly effected. It is therefore, that especially during the pandemic, an AT ecosystem, including comprehensive and adaptive service delivery models, must be present to ensure optimal AT access, consultation, provision, and use. This article describes the design and implementation process of a new service delivery model for AT in Israel, that set into action with the beginning of the COVID-19 pandemic. Insights and lessons learned from previous models are highlighted, an outline of the new model is explained, the &#8220;Smart homes&#8221; program, as an exemplary program, is presented, and the interconnecting effects of the COVID-19 pandemic on the new service model are further explained. Recommendations regarding a hybrid service delivery model for AT are discussed.</description></descriptions><fundingReferences /><formats><format>PDF</format></formats><resourceType resourceTypeGeneral="Conference paper" /><rightsList><rights rightsIdentifier="CC BY 4.0" rightsURI="https://creativecommons.org/licenses/by/4.0/legalcode" /></rightsList></resource>