<resource xmlns:xsi="http://www.w3.org/2001/XMLSchema-instance" xsi:schemaLocation="http://datacite.org/schema/kernel-4 https://schema.datacite.org/meta/kernel-4.4/metadata.xsd" xmlns="http://datacite.org/schema/kernel-4"><dates><date dateType="Available">2022-08-09</date></dates><identifier identifierType="DOI">10.35011/icchp-aaate22-p2-19</identifier><alternateIdentifiers><alternateIdentifier alternateIdentifierType="urn">urn:nbn:at:at-ubl:3-13409</alternateIdentifier></alternateIdentifiers><language>eng</language><creators><creator><creatorName nameType="Personal">Hla, Khin Myo</creatorName><givenName> Khin Myo</givenName><familyName>Hla</familyName></creator><creator><creatorName nameType="Personal">Khaing, Soe Soe</creatorName><givenName> Soe Soe</givenName><familyName>Khaing</familyName></creator><creator><creatorName nameType="Personal">Hnin Zaw, Su Myat</creatorName><givenName> Su Myat</givenName><familyName>Hnin Zaw</familyName></creator><creator><creatorName nameType="Personal">San, Thida</creatorName><givenName> Thida</givenName><familyName>San</familyName></creator><creator><creatorName nameType="Personal">Hlaing, San Thida</creatorName><givenName> San Thida</givenName><familyName>Hlaing</familyName></creator><creator><creatorName nameType="Personal">Win, Khin Pyone</creatorName><givenName> Khin Pyone</givenName><familyName>Win</familyName></creator><creator><creatorName nameType="Personal">Lwijn, Aye Moe Moe</creatorName><givenName> Aye Moe Moe</givenName><familyName>Lwijn</familyName></creator><creator><creatorName nameType="Personal">Mya, Kyaw Swa</creatorName><givenName> Kyaw Swa</givenName><familyName>Mya</familyName></creator></creators><titles><title>Measuring Access to Assistive Technology using the Rapid Assistive Technology Assessment (rATA) Survey in Myanmar</title></titles><publisher>Association ICCHP</publisher><publicationYear>2022</publicationYear><sizes><size>8 pages</size></sizes><descriptions><description descriptionType="SeriesInformation">ICCHP-AAATE 2022 Open Access Compendium "Assistive Technology, Accessibility and (e)Inclusion" Part II / Petz, Andrea ; Hoogerwerf, Evert-Jan ; Mavrou, Katerina, Seite 147-154</description><description descriptionType="Abstract">Access to assistive technology (AT) is essential for many people to maintain and improve function, health and wellbeing, and quality of life. Although the need for Assistive Products (AP) is continue rising, only one in 10 people globally have access the AP they need. Furthermore, there is not sufficient data for AT in many countries around the world yet. We aimed to estimate the prevalence of assessing to AT, need and unmet need of AT, barriers, satisfaction and quality of AT services in Myanmar. Method: A nationwide cross-sectional household survey was conducted from June to August 2021 among 8,209 participants using two-staged cluster sampling methods. Results: In our study 29.4% of the study population needed any type of AP, among which seeing was 26.1% mobility 16.2%, cognition 15%, self-care 13.3%, hearing 9.1%, and 6.4% for communication. The private sector currently used AP accounted for 52.8%, while the public sector contributed only 6.6%. The prevalence of unmet need was 21.5%. It was highest among the elderly. Out-of-pocket payment (67.5%) was the main funding source of AP in Myanmar. Unaffordability was the major barrier to access to AP (38.4%). Majority of the people (66.1%) were satisfied with the assistive products they use. Conclusion: Outcomes of the rATA survey provided key information related to AP in the Myanmar population. Our findings pointed out the importance of formulating and implementing strategies to im-prove the accessibility of AP and enhance the fair financial opportunity for everyone who needs AP.</description></descriptions><fundingReferences /><formats><format>PDF</format></formats><resourceType resourceTypeGeneral="Conference paper" /><rightsList><rights rightsIdentifier="CC BY 4.0" rightsURI="https://creativecommons.org/licenses/by/4.0/legalcode" /></rightsList></resource>