<resource xmlns:xsi="http://www.w3.org/2001/XMLSchema-instance" xsi:schemaLocation="http://datacite.org/schema/kernel-4 https://schema.datacite.org/meta/kernel-4.4/metadata.xsd" xmlns="http://datacite.org/schema/kernel-4"><dates><date dateType="Available">2022-08-02</date></dates><alternateIdentifiers><alternateIdentifier alternateIdentifierType="urn">urn:nbn:at:at-ubl:3-13061</alternateIdentifier></alternateIdentifiers><identifier identifierType="DOI">10.35011/icchp-aaate22-p1-33</identifier><language>eng</language><creators><creator><creatorName nameType="Personal">Schmidt, Marc</creatorName><givenName> Marc</givenName><familyName>Schmidt</familyName></creator></creators><titles><title>Escape Games</title><title titleType="Subtitle">An Approach to Start Participative Technology Development</title></titles><publisher>Association ICCHP</publisher><publicationYear>2022</publicationYear><sizes><size>6 pages</size></sizes><descriptions><description descriptionType="SeriesInformation">ICCHP-AAATE 2022 Open Access Compendium "Assistive Technology, Accessibility and (e)Inclusion" Part I / Petz, Andrea ; Hoogerwerf, Evert-Jan ; Mavrou, Katerina, Seite 258-263</description><description descriptionType="Abstract">A core principle behind the participatory design is sharing of decision-making power between all participating parties. A prerequisite to claiming this decision-making power is a fundamental understanding of the resulting consequences. In the ladder of participation, the first step of participation is an in-formed decision. In participative technology development, making an informed decision requires a basic understanding of technology&#8217;s opportunities and challenges. Escape games offer the possibility to convey this understanding interactively and playfully. In doing so, they create an opportunity to start a participatory process. This paper describes this possibility, and an escape game for the Smart Home domain is presented, developed for juveniles in institutional welfare settings.</description></descriptions><fundingReferences /><formats><format>PDF</format></formats><resourceType resourceTypeGeneral="Conference paper" /><rightsList><rights rightsIdentifier="CC BY 4.0" rightsURI="https://creativecommons.org/licenses/by/4.0/legalcode" /></rightsList></resource>