<resource xmlns:xsi="http://www.w3.org/2001/XMLSchema-instance" xsi:schemaLocation="http://datacite.org/schema/kernel-4 https://schema.datacite.org/meta/kernel-4.4/metadata.xsd" xmlns="http://datacite.org/schema/kernel-4"><dates><date dateType="Available">2022-08-09</date></dates><alternateIdentifiers><alternateIdentifier alternateIdentifierType="urn">urn:nbn:at:at-ubl:3-13349</alternateIdentifier></alternateIdentifiers><identifier identifierType="DOI">10.35011/icchp-aaate22-p2-13</identifier><language>eng</language><creators><creator><creatorName nameType="Personal">Desideri, Lorenzo</creatorName><givenName> Lorenzo</givenName><familyName>Desideri</familyName></creator><creator><creatorName nameType="Personal">Magni, Riccardo</creatorName><givenName> Riccardo</givenName><familyName>Magni</familyName></creator><creator><creatorName nameType="Personal">Guerreschi, Massimo</creatorName><givenName> Massimo</givenName><familyName>Guerreschi</familyName></creator><creator><creatorName nameType="Personal">Bitelli, Claudio</creatorName><givenName> Claudio</givenName><familyName>Bitelli</familyName></creator><creator><creatorName nameType="Personal">Hoogerwerf, Evert-Jan</creatorName><givenName> Evert-Jan</givenName><familyName>Hoogerwerf</familyName></creator><creator><creatorName nameType="Personal">Andraghetti, Paolo</creatorName><givenName> Paolo</givenName><familyName>Andraghetti</familyName></creator><creator><creatorName nameType="Personal">Vaccaro, Ketty</creatorName><givenName> Ketty</givenName><familyName>Vaccaro</familyName></creator><creator><creatorName nameType="Personal">Coletty, Vittoria</creatorName><givenName> Vittoria</givenName><familyName>Coletty</familyName></creator><creator><creatorName nameType="Personal">Taruscio, Domenica</creatorName><givenName> Domenica</givenName><familyName>Taruscio</familyName></creator><creator><creatorName nameType="Personal">De Santis, Marta</creatorName><givenName> Marta</givenName><familyName>De Santis</familyName></creator><creator><creatorName nameType="Personal">Romeo, Rosa Immaculata</creatorName><givenName> Rosa Immaculata</givenName><familyName>Romeo</familyName></creator><creator><creatorName nameType="Personal">Capuano, Elena Ilaria</creatorName><givenName> Elena Ilaria</givenName><familyName>Capuano</familyName></creator><creator><creatorName nameType="Personal">D&#8217;Avenio, Giuseppe</creatorName><givenName> Giuseppe</givenName><familyName>D&#8217;Avenio</familyName></creator><creator><creatorName nameType="Personal">Morelli, Sandra</creatorName><givenName> Sandra</givenName><familyName>Morelli</familyName></creator><creator><creatorName nameType="Personal">Daniele, Carla</creatorName><givenName> Carla</givenName><familyName>Daniele</familyName></creator><creator><creatorName nameType="Personal">Giansanti, Daniele</creatorName><givenName> Daniele</givenName><familyName>Giansanti</familyName></creator><creator><creatorName nameType="Personal">Pirrera, Antonia</creatorName><givenName> Antonia</givenName><familyName>Pirrera</familyName></creator><creator><creatorName nameType="Personal">Meli, Paola</creatorName><givenName> Paola</givenName><familyName>Meli</familyName></creator><creator><creatorName nameType="Personal">Grigioni, Mauro</creatorName><givenName> Mauro</givenName><familyName>Grigioni</familyName></creator></creators><titles><title>Access to Assistive Technology</title><title titleType="Subtitle">Preliminary results from the implementation of the rATA survey in Italy</title></titles><publisher>Association ICCHP</publisher><publicationYear>2022</publicationYear><sizes><size>6 pages</size></sizes><descriptions><description descriptionType="SeriesInformation">ICCHP-AAATE 2022 Open Access Compendium "Assistive Technology, Accessibility and (e)Inclusion" Part II / Petz, Andrea ; Hoogerwerf, Evert-Jan ; Mavrou, Katerina, Seite 95-100</description><description descriptionType="Abstract">The present contribution reports on the preliminary results from the implementation of the rapid Assistive Technology Assessment (rATA) con in Italy. The target population of the survey included residents in Italy aged 0+. The interviews have been conducted through the two mixed interview techniques: CATI (Computer Assisted Telephone Interviewing), and CAWI (Computer Assisted Web Interviewing). In total, 10170 individual responses (52,2% females; 47,8% males) were collected in the period June-September 2021. Prevalence of AT use resulted 58% of the total sample. Only 6,9% of the total population reported an unmet AT need. No differences were observed for what concerns the use of AT according to gender or living conditions (i.e., rural vs. urban). The majority of AT users resulted at least satisfied with their products (83,6%), less so with assessment and training (58,3%) and maintenance (37,8%) services. On the ground of the present results, actions will be undertaken in Italy to promote a continuous collection of data on AT access and quality to ensure that AT systems across the country are capable of maintaining high standards of AT provision over time.</description></descriptions><fundingReferences /><formats><format>PDF</format></formats><resourceType resourceTypeGeneral="Conference paper" /><rightsList><rights rightsIdentifier="CC BY 4.0" rightsURI="https://creativecommons.org/licenses/by/4.0/legalcode" /></rightsList></resource>