<resource xmlns:xsi="http://www.w3.org/2001/XMLSchema-instance" xsi:schemaLocation="http://datacite.org/schema/kernel-4 https://schema.datacite.org/meta/kernel-4.4/metadata.xsd" xmlns="http://datacite.org/schema/kernel-4"><dates><date dateType="Available">2022-08-09</date></dates><alternateIdentifiers><alternateIdentifier alternateIdentifierType="urn">urn:nbn:at:at-ubl:3-13241</alternateIdentifier></alternateIdentifiers><identifier identifierType="DOI">10.35011/icchp-aaate22-p2-03</identifier><language>eng</language><creators><creator><creatorName nameType="Personal">Rwampigi, Aniyamuzaala James</creatorName><givenName> Aniyamuzaala James</givenName><familyName>Rwampigi</familyName></creator><creator><creatorName nameType="Personal">Goodman, Lizbeth</creatorName><givenName> Lizbeth</givenName><familyName>Goodman</familyName></creator></creators><titles><title>The Non-discrimination and Accessibility Public policy practices and approaches to assistive technology and Inclusion</title><title titleType="Subtitle">The Implication on the coverage of AT solutions</title></titles><publisher>Association ICCHP</publisher><publicationYear>2022</publicationYear><sizes><size>4 pages</size></sizes><descriptions><description descriptionType="SeriesInformation">ICCHP-AAATE 2022 Open Access Compendium "Assistive Technology, Accessibility and (e)Inclusion" Part II / Petz, Andrea ; Hoogerwerf, Evert-Jan ; Mavrou, Katerina, Seite 25-28</description><description descriptionType="Abstract">The review of the secondary data on the Assistive technology (AT) Public policies and laws revealed the Non-discrimination and Accessibility approaches to Assistive technology and Inclusion (NSH, 2007). The Convention on Rights of Persons with Disabilities (CRPD) recognised the Non-discrimination approach to AT as it stated that the use of Universal Design shall not exclude the assistive technology needed by persons with specific disabilities (UN, 2006; ar-ticle2). The CRPD recognised accessibility as both a human rights principle and a Right under articles 3 and 9 respectively. Assistive technology was also one of the Accessibility and reasonable accommodations recognised by the CRPD. The Multiple research methods composed of case study and mixed research methods were used to collect empirical data on the validation of the Non-discrimination and Accessibility practices and approaches . The qualitative data was collected through key informant interviews. The survey data on the validation of the AT legal and public policies approaches was collected and analysed. The findings reveals that Majority of students were not aware of the AT related public policies and laws. All students recommended the provision of AT based on non-discrimination principle and other CRPD human rights principles. The 2005 Disability Act and the 2015 Equality Acts prohibited discrimination of persons with disabilities in Ireland and provided for reasonable accommodations including provi-sion of AT products and services. Ireland ratified the CRPD in 2018 and committed to the Accessibility and Non-Discrimination approaches and practices. Ireland was a state party to the 2019 European Accessibility Act.</description></descriptions><fundingReferences /><formats><format>PDF</format></formats><resourceType resourceTypeGeneral="Conference paper" /><rightsList><rights rightsIdentifier="CC BY 4.0" rightsURI="https://creativecommons.org/licenses/by/4.0/legalcode" /></rightsList></resource>