<resource xmlns:xsi="http://www.w3.org/2001/XMLSchema-instance" xsi:schemaLocation="http://datacite.org/schema/kernel-4 https://schema.datacite.org/meta/kernel-4.4/metadata.xsd" xmlns="http://datacite.org/schema/kernel-4"><dates><date dateType="Available">2022-08-09</date></dates><alternateIdentifiers><alternateIdentifier alternateIdentifierType="urn">urn:nbn:at:at-ubl:3-13537</alternateIdentifier></alternateIdentifiers><identifier identifierType="DOI">10.35011/icchp-aaate22-p2-32</identifier><language>eng</language><creators><creator><creatorName nameType="Personal">Hoogerwerf, Evert-Jan</creatorName><givenName> Evert-Jan</givenName><familyName>Hoogerwerf</familyName></creator><creator><creatorName nameType="Personal">Andreou, Andreas</creatorName><givenName> Andreas</givenName><familyName>Andreou</familyName></creator><creator><creatorName nameType="Personal">Fiordelmondo, Valentina</creatorName><givenName> Valentina</givenName><familyName>Fiordelmondo</familyName></creator><creator><creatorName nameType="Personal">Goodfellow, Nicola</creatorName><givenName> Nicola</givenName><familyName>Goodfellow</familyName></creator><creator><creatorName nameType="Personal">G&#252;tter, Zdenek</creatorName><givenName> Zdenek</givenName><familyName>G&#252;tter</familyName></creator><creator><creatorName nameType="Personal">Haappaniemi, Harri</creatorName><givenName> Harri</givenName><familyName>Haappaniemi</familyName></creator><creator><creatorName nameType="Personal">Lebre Rocha, Pedro Alfonso</creatorName><givenName> Pedro Alfonso</givenName><familyName>Lebre Rocha</familyName></creator><creator><creatorName nameType="Personal">Llad&#243; Pascual, Esperan&#231;a</creatorName><givenName> Esperan&#231;a</givenName><familyName>Llad&#243; Pascual</familyName></creator><creator><creatorName nameType="Personal">Mavromoustakis, Constandinos X.</creatorName><givenName> Constandinos X.</givenName><familyName>Mavromoustakis</familyName></creator><creator><creatorName nameType="Personal">Meenen, Bettina</creatorName><givenName> Bettina</givenName><familyName>Meenen</familyName></creator><creator><creatorName nameType="Personal">O'Sullivan, Ronan</creatorName><givenName> Ronan</givenName><familyName>O'Sullivan</familyName></creator><creator><creatorName nameType="Personal">Pasin, Marco</creatorName><givenName> Marco</givenName><familyName>Pasin</familyName></creator><creator><creatorName nameType="Personal">Spargo, Maureen</creatorName><givenName> Maureen</givenName><familyName>Spargo</familyName></creator><creator><creatorName nameType="Personal">Zurkuhlen, Alexia</creatorName><givenName> Alexia</givenName><familyName>Zurkuhlen</familyName></creator><creator><creatorName nameType="Personal">Labor, Melanie</creatorName><givenName> Melanie</givenName><familyName>Labor</familyName></creator></creators><titles><title>Towards a Model for the Adoption of Person-Centred Technology in Integrated Care</title></titles><publisher>Association ICCHP</publisher><publicationYear>2022</publicationYear><sizes><size>7 pages</size></sizes><descriptions><description descriptionType="SeriesInformation">ICCHP-AAATE 2022 Open Access Compendium "Assistive Technology, Accessibility and (e)Inclusion" Part II / Petz, Andrea ; Hoogerwerf, Evert-Jan ; Mavrou, Katerina, Seite 253-259</description><description descriptionType="Abstract">In the SHAPES project, which is funded by the European Commission under the Horizon 2020 Programme (GA 857159), research was developed aiming at understanding the factors that impact on the adoption, upscaling and transfer of person-centred technology in integrated care programmes across Europe. Seventeen experiences of technology adoption in care providing organisations were analysed, which resulted in a list of over 150 factors that have impacted on the success or failure of the technology uptake process. The factors were grouped in domains which, in turn, were clustered based on their importance in different phases of the technology adoption process. The resulting framework model, the 4-Wheel Framework Model, together with a self-assessment tool to identify critical factors can provide guidance to organisations that plan to make a step towards the digitalisation of their person-centred services. The factors were further prioritised by a mixed panel of different stakeholders which led to a core list of four factors and sets of recommendations for their consideration in the deployment of person-centred digital solutions in care environments.</description></descriptions><fundingReferences /><formats><format>PDF</format></formats><resourceType resourceTypeGeneral="Conference paper" /><rightsList><rights rightsIdentifier="CC BY 4.0" rightsURI="https://creativecommons.org/licenses/by/4.0/legalcode" /></rightsList></resource>