<resource xmlns:xsi="http://www.w3.org/2001/XMLSchema-instance" xsi:schemaLocation="http://datacite.org/schema/kernel-4 https://schema.datacite.org/meta/kernel-4.4/metadata.xsd" xmlns="http://datacite.org/schema/kernel-4"><dates><date dateType="Available">2022-08-02</date></dates><alternateIdentifiers><alternateIdentifier alternateIdentifierType="urn">urn:nbn:at:at-ubl:3-12787</alternateIdentifier></alternateIdentifiers><identifier identifierType="DOI">10.35011/icchp-aaate22-p1-05</identifier><language>eng</language><creators><creator><creatorName nameType="Personal">Kobayashi, Yukino</creatorName><givenName> Yukino</givenName><familyName>Kobayashi</familyName></creator><creator><creatorName nameType="Personal">Miyagi, Manabi</creatorName><givenName> Manabi</givenName><familyName>Miyagi</familyName></creator><creator><creatorName nameType="Personal">Ishikawa, Eri</creatorName><givenName> Eri</givenName><familyName>Ishikawa</familyName></creator></creators><titles><title>Introducing Art to People with Visual Impairment through Tactile Pictures</title><title titleType="Subtitle">A Survey of Art Museums in Japan</title></titles><publisher>Association ICCHP</publisher><publicationYear>2022</publicationYear><sizes><size>7 pages</size></sizes><descriptions><description descriptionType="SeriesInformation">ICCHP-AAATE 2022 Open Access Compendium "Assistive Technology, Accessibility and (e)Inclusion" Part I / Hoogerwerf, Evert-Jan ; Mavrou, Katerina, Seite 35-41</description><description descriptionType="Abstract">Since the Act for Eliminating Discrimination against Persons with Dis-abilities came into effect in 2016 in Japan, the environment surrounding people with disabilities has improved. However, there are still many improvements that need to be made with regard to art appreciation by people with disabilities. The aim of this study is to investigate the current state of art appreciation for people with visual impairment at art museums in Japan, especially focusing on the use of tactile pictures in art museums. The study conducted questionnaire surveys targeting art museums across Japan and interviewed four individuals with visual impairment. The study claims that the popularization of a tactile image maker and a layered-type tactile picture among art museums will promote art apprecia-tion for people with visual impairment.</description></descriptions><fundingReferences /><formats><format>PDF</format></formats><resourceType resourceTypeGeneral="Conference paper" /><rightsList><rights rightsIdentifier="CC BY 4.0" rightsURI="https://creativecommons.org/licenses/by/4.0/legalcode" /></rightsList></resource>