<resource xmlns:xsi="http://www.w3.org/2001/XMLSchema-instance" xsi:schemaLocation="http://datacite.org/schema/kernel-4 https://schema.datacite.org/meta/kernel-4.4/metadata.xsd" xmlns="http://datacite.org/schema/kernel-4"><dates><date dateType="Available">2022-08-09</date></dates><alternateIdentifiers><alternateIdentifier alternateIdentifierType="urn">urn:nbn:at:at-ubl:3-13298</alternateIdentifier></alternateIdentifiers><identifier identifierType="DOI">10.35011/icchp-aaate22-p2-08</identifier><language>eng</language><creators><creator><creatorName nameType="Personal">Rwampigi, Aniyamuzaala James</creatorName><givenName> Aniyamuzaala James</givenName><familyName>Rwampigi</familyName></creator><creator><creatorName nameType="Personal">Goodman, Lizbeth</creatorName><givenName> Lizbeth</givenName><familyName>Goodman</familyName></creator></creators><titles><title>Towards Rights + Capability Oriented Assistive Technology Service Delivery System</title><title titleType="Subtitle">The Implication on the Assistive Technology Public Policy and Practice</title></titles><publisher>Association ICCHP</publisher><publicationYear>2022</publicationYear><sizes><size>7 pages</size></sizes><descriptions><description descriptionType="SeriesInformation">ICCHP-AAATE 2022 Open Access Compendium "Assistive Technology, Accessibility and (e)Inclusion" Part II / Petz, Andrea ; Hoogerwerf, Evert-Jan ; Mavrou, Katerina, Seite 60-66</description><description descriptionType="Abstract">The research studies revealed that the Disability models influenced the person&#8217;s freedom of choice for selection of Assistive technology (AT) products and services. The interaction of the Disability Models and AT resulted into the Oriented Assistive Technology Service (OATS) delivery systems (AAATE, 2012; Sebastian Van der Peijl and et al, 2011). The AT Medical, Social, Medical-Social, Charity or Donor, Capability, Rights, and Rights + Capability based models or OAT systems emerged as outcome of the interaction between Disability models and AT. These OATS delivery system determined the freedom of choice and decision-making powers for selection of AT products and services between the AT users or Person in need of AT and health, social and other AT related workers. The research study methodology was composed of multiple research methods. The mixed research methods such as qualitative and quantitative research methods were used to collect and analyse data. The case study research method was used to examine the data from Ireland. The data shows that Ireland used the Medical -Social OATS delivery system. The Model provided more decision-making powers for selection of AT products and services to Health and social workers. It provided limited freedom of choice to the AT user or person in need of AT to select AT products and services of choice. Research recommends the use of Rights Capability OAT delivery system. The model provides more decision-making powers to the User or a person in need of AT to select AT products and services of choice.</description></descriptions><fundingReferences /><formats><format>PDF</format></formats><resourceType resourceTypeGeneral="Conference paper" /><rightsList><rights rightsIdentifier="CC BY 4.0" rightsURI="https://creativecommons.org/licenses/by/4.0/legalcode" /></rightsList></resource>