<resource xmlns:xsi="http://www.w3.org/2001/XMLSchema-instance" xsi:schemaLocation="http://datacite.org/schema/kernel-4 https://schema.datacite.org/meta/kernel-4.4/metadata.xsd" xmlns="http://datacite.org/schema/kernel-4"><dates><date dateType="Available">2022-08-02</date></dates><alternateIdentifiers><alternateIdentifier alternateIdentifierType="urn">urn:nbn:at:at-ubl:3-12941</alternateIdentifier></alternateIdentifiers><identifier identifierType="DOI">10.35011/icchp-aaate22-p1-21</identifier><language>eng</language><creators><creator><creatorName nameType="Personal">Krausneker, Verena</creatorName><givenName> Verena</givenName><familyName>Krausneker</familyName></creator><creator><creatorName nameType="Personal">Sch&#252;gerl, Sandra</creatorName><givenName> Sandra</givenName><familyName>Sch&#252;gerl</familyName></creator></creators><titles><title>Avatars for Sign Languages</title><title titleType="Subtitle">Best Practice from the Perspective of Deaf Users</title></titles><publisher>Association ICCHP</publisher><publicationYear>2022</publicationYear><sizes><size>9 pages</size></sizes><descriptions><description descriptionType="SeriesInformation">ICCHP-AAATE 2022 Open Access Compendium "Assistive Technology, Accessibility and (e)Inclusion" Part I / Petz, Andrea ; Hoogerwerf, Evert-Jan ; Mavrou, Katerina, Seite 156-164</description><description descriptionType="Abstract">This paper presents recommendations for the use of Sign Language Avatars that are based on the view of deaf users and deaf and hearing experts. It focuses on three areas: Linguistic aspects of sign language avatars, the aspect of translational competence and ethical issues when deploying avatars. In each of the three areas, criticism and ideas that deaf sign language users stated in focus group discussions are summarized, followed by concrete best practice recommendations that are firmly rooted in our qualitative data.</description></descriptions><fundingReferences /><formats><format>PDF</format></formats><resourceType resourceTypeGeneral="Conference paper" /><rightsList><rights rightsIdentifier="CC BY 4.0" rightsURI="https://creativecommons.org/licenses/by/4.0/legalcode" /></rightsList></resource>