<resource xmlns:xsi="http://www.w3.org/2001/XMLSchema-instance" xsi:schemaLocation="http://datacite.org/schema/kernel-4 https://schema.datacite.org/meta/kernel-4.4/metadata.xsd" xmlns="http://datacite.org/schema/kernel-4"><dates><date dateType="Available">2022-08-02</date></dates><alternateIdentifiers><alternateIdentifier alternateIdentifierType="urn">urn:nbn:at:at-ubl:3-12838</alternateIdentifier></alternateIdentifiers><identifier identifierType="DOI">10.35011/icchp-aaate22-p1-10</identifier><language>eng</language><creators><creator><creatorName nameType="Personal">Abend, Sonja</creatorName><givenName> Sonja</givenName><familyName>Abend</familyName></creator></creators><titles><title>Are Online Offers in Easy-to-Read Language Attractive?</title></titles><publisher>Association ICCHP</publisher><publicationYear>2022</publicationYear><sizes><size>6 pages</size></sizes><descriptions><description descriptionType="SeriesInformation">ICCHP-AAATE 2022 Open Access Compendium "Assistive Technology, Accessibility and (e)Inclusion" Part I / Petz, Andrea ; Hoogerwerf, Evert-Jan ; Mavrou, Katerina, Seite 72-77</description><description descriptionType="Abstract">This article uses tracking data to show the extent to which online services in easy-to-read language are used. It also focuses on the user behaviour of online services by people with intellectual disabilities. Finally, alternatives to easy-to-read language as online services for people with intellectual disabilities and their feasibility are described.</description></descriptions><fundingReferences /><formats><format>PDF</format></formats><resourceType resourceTypeGeneral="Conference paper" /><rightsList><rights rightsIdentifier="CC BY 4.0" rightsURI="https://creativecommons.org/licenses/by/4.0/legalcode" /></rightsList></resource>