<resource xmlns:xsi="http://www.w3.org/2001/XMLSchema-instance" xsi:schemaLocation="http://datacite.org/schema/kernel-4 https://schema.datacite.org/meta/kernel-4.4/metadata.xsd" xmlns="http://datacite.org/schema/kernel-4"><dates><date dateType="Available">2022-08-09</date></dates><alternateIdentifiers><alternateIdentifier alternateIdentifierType="urn">urn:nbn:at:at-ubl:3-13251</alternateIdentifier></alternateIdentifiers><identifier identifierType="DOI">10.35011/icchp-aaate22-p2-04</identifier><language>eng</language><creators><creator><creatorName nameType="Personal">Ouellet, B&#233;atrice</creatorName><givenName> B&#233;atrice</givenName><familyName>Ouellet</familyName></creator><creator><creatorName nameType="Personal">Rushton, Paula w</creatorName><givenName> Paula w</givenName><familyName>Rushton</familyName></creator><creator><creatorName nameType="Personal">C&#244;t&#233;, Andr&#233;e-Anne</creatorName><givenName> Andr&#233;e-Anne</givenName><familyName>C&#244;t&#233;</familyName></creator><creator><creatorName nameType="Personal">Fortin-Haines, Laurence</creatorName><givenName> Laurence</givenName><familyName>Fortin-Haines</familyName></creator><creator><creatorName nameType="Personal">Lafleur, Emma</creatorName><givenName> Emma</givenName><familyName>Lafleur</familyName></creator><creator><creatorName nameType="Personal">Par&#233;, Isabelle</creatorName><givenName> Isabelle</givenName><familyName>Par&#233;</familyName></creator><creator><creatorName nameType="Personal">Barwick, Melanie</creatorName><givenName> Melanie</givenName><familyName>Barwick</familyName></creator><creator><creatorName nameType="Personal">Kirby, R. Lee</creatorName><givenName> R. Lee</givenName><familyName>Kirby</familyName></creator><creator><creatorName nameType="Personal">Robert, Maxime T</creatorName><givenName> Maxime T</givenName><familyName>Robert</familyName></creator><creator><creatorName nameType="Personal">Routhier, Fran&#231;ois</creatorName><givenName> Fran&#231;ois</givenName><familyName>Routhier</familyName></creator><creator><creatorName nameType="Personal">Dib, Tatiana</creatorName><givenName> Tatiana</givenName><familyName>Dib</familyName></creator><creator><creatorName nameType="Personal">Burrola-Mendez, Yohali</creatorName><givenName> Yohali</givenName><familyName>Burrola-Mendez</familyName></creator><creator><creatorName nameType="Personal">Best, Krista L.</creatorName><givenName> Krista L.</givenName><familyName>Best</familyName></creator></creators><titles><title>WeeWheel</title><title titleType="Subtitle">End-users&#8217; Satisfaction of a Storybook, Posters and Training Workbook to Enhance Manual Wheelchair Skills Training in Pediatric Rehabilitation Settings</title></titles><publisher>Association ICCHP</publisher><publicationYear>2022</publicationYear><sizes><size>7 pages</size></sizes><descriptions><description descriptionType="SeriesInformation">ICCHP-AAATE 2022 Open Access Compendium "Assistive Technology, Accessibility and (e)Inclusion" Part II / Petz, Andrea ; Hoogerwerf, Evert-Jan ; Mavrou, Katerina, Seite 29-35</description><description descriptionType="Abstract">Background. The Wheelchair Skills Training Program (WSTP) is effective for teaching the wheelchair skills required for everyday mobility but is underutilized in pediatric rehabilitation settings. Clinicians expressed concerns regarding the complexity of the manual and the lack of guidance on how to train the skills with children. Three complementary WSTP knowledge transfer tools were developed (storybook, posters, training workbook) to address these barriers. Objective. Document OTs and pediatric manual wheelchair users&#8217; (PMWUs) satisfaction with and perception of the usability, relevance, and feasibility of the three tools. Methods. A descriptive qualitative design was used. OTs and PMWUs were recruited from the Marie Enfant Rehabilitation Center and affiliated schools using a convenience sampling method. A focus group (OTs) and interviews (PMWUs) were conducted online (Zoom videoconferencing plat-form) to obtain participants&#8217; feedback on the tools and suggestions for improvements. Deductive analyses were performed using the Framework method. Results. 8 OTs and 5 PMWUs described the tools as attractive, playful and easy to use for training wheelchair skills among younger or novice PMWUs. OTs expressed the desire to use the tools in their clinical practice and three PMWUs felt the tools could help them learn new skills/improve their techniques. Both groups suggested modifications to refine the tools (e.g., increased precision of illustrations depicting the characters in the wheelchairs). Discussion. OTs and PMWUs were satisfied with the tools and perceived them as applicable in pediatrics. Conclusion. The tools could contribute to facilitate the use of the WSTP in pediatrics.</description></descriptions><fundingReferences /><formats><format>PDF</format></formats><resourceType resourceTypeGeneral="Conference paper" /><rightsList><rights rightsIdentifier="CC BY 4.0" rightsURI="https://creativecommons.org/licenses/by/4.0/legalcode" /></rightsList></resource>