<resource xmlns:xsi="http://www.w3.org/2001/XMLSchema-instance" xsi:schemaLocation="http://datacite.org/schema/kernel-4 https://schema.datacite.org/meta/kernel-4.4/metadata.xsd" xmlns="http://datacite.org/schema/kernel-4"><dates><date dateType="Available">2022-08-02</date></dates><alternateIdentifiers><alternateIdentifier alternateIdentifierType="urn">urn:nbn:at:at-ubl:3-12960</alternateIdentifier></alternateIdentifiers><identifier identifierType="DOI">10.35011/icchp-aaate22-p1-23</identifier><language>eng</language><creators><creator><creatorName nameType="Personal">Desvergnes, Julien</creatorName><givenName> Julien</givenName><familyName>Desvergnes</familyName></creator><creator><creatorName nameType="Personal">Carlier, Axel</creatorName><givenName> Axel</givenName><familyName>Carlier</familyName></creator><creator><creatorName nameType="Personal">Ooi, Wei Tsang</creatorName><givenName> Wei Tsang</givenName><familyName>Ooi</familyName></creator><creator><creatorName nameType="Personal">Charvillat, Vincent</creatorName><givenName> Vincent</givenName><familyName>Charvillat</familyName></creator><creator><creatorName nameType="Personal">Jouffrais, Christophe</creatorName><givenName> Christophe</givenName><familyName>Jouffrais</familyName></creator></creators><titles><title>Does Switching between Different Renderings Allow Blind People with Visual Neuroprostheses to Better Perceive the Environment?</title></titles><publisher>Association ICCHP</publisher><publicationYear>2022</publicationYear><sizes><size>8 pages</size></sizes><descriptions><description descriptionType="SeriesInformation">ICCHP-AAATE 2022 Open Access Compendium "Assistive Technology, Accessibility and (e)Inclusion" Part I / Petz, Andrea ; Hoogerwerf, Evert-Jan ; Mavrou, Katerina, Seite 177-184</description><description descriptionType="Abstract">Visual neuroprostheses are devices that restore limited visual percep-tion for visually impaired patients. Some of these neuroprostheses, implanted in the retina or the visual cortex include an implant, a computing device and an external camera to capture the scene. An impoverished visual perception is re-stored when the microstimulation of the retina or the visual cortex activates white spots called phosphenes. However, the resolution of current implants (i.e. the number and spacing of the electrodes) that have passed the clinical trial phases remains low. Such low resolution, coupled with the limited number of different colors rendered by the implants, limits the information that can be transferred. The regular rendering process used with the implants, called Scoreboard, is in-sufficient to support complex comprehension tasks. To allow the patient to better perceive his environment, ongoing research aims at maximizing the quality and quantity of information provided by the implant. We set up a comparative study between different renderings and we showed that providing the blind with the possibility to switch between different renderings significantly increases the un-derstanding of the environment.</description></descriptions><fundingReferences /><formats><format>PDF</format></formats><resourceType resourceTypeGeneral="Conference paper" /><rightsList><rights rightsIdentifier="CC BY 4.0" rightsURI="https://creativecommons.org/licenses/by/4.0/legalcode" /></rightsList></resource>