<resource xmlns:xsi="http://www.w3.org/2001/XMLSchema-instance" xsi:schemaLocation="http://datacite.org/schema/kernel-4 https://schema.datacite.org/meta/kernel-4.4/metadata.xsd" xmlns="http://datacite.org/schema/kernel-4"><dates><date dateType="Available">2022-08-09</date></dates><alternateIdentifiers><alternateIdentifier alternateIdentifierType="urn">urn:nbn:at:at-ubl:3-13465</alternateIdentifier></alternateIdentifiers><identifier identifierType="DOI">10.35011/icchp-aaate22-p2-25</identifier><language>eng</language><creators><creator><creatorName nameType="Personal">Napolitano, Domenico</creatorName><givenName> Domenico</givenName><familyName>Napolitano</familyName></creator></creators><titles><title>Voice Cloning and the Socio-Cultural Challanges of Assistive Technology</title></titles><publisher>Association ICCHP</publisher><publicationYear>2022</publicationYear><sizes><size>9 pages</size></sizes><descriptions><description descriptionType="SeriesInformation">ICCHP-AAATE 2022 Open Access Compendium "Assistive Technology, Accessibility and (e)Inclusion" Part II / Petz, Andrea ; Hoogerwerf, Evert-Jan ; Mavrou, Katerina, Seite 196-204</description><description descriptionType="Abstract">This paper aims to raise attention on the socio-material aspects of assistive technologies, wishing to foster collaboration and dialogue among engi-neering and social science as a way to better design and present assistive tools. It uses as an illustrative case the voice technologies for speech-impaired people, with particular focus on Google&#8217;s project to reunite speech-impaired users with their voices using voice cloning technology, an evolution of speech synthesis which allows for the reconstruction of the sonic and timbric characteristics of an individual person&#8217;s voice. The paper argues that assistive technologies in general, and voice technologies in the specific, are not only prosthesis, but also sites as sites of knowledge production about disability, that is sites where disability is defined in the first place. In this perspective the paper invites to consider how, in assistive technologies, cultural and social factors are as crucial as material operations.</description></descriptions><fundingReferences /><formats><format>PDF</format></formats><resourceType resourceTypeGeneral="Conference paper" /><rightsList><rights rightsIdentifier="CC BY 4.0" rightsURI="https://creativecommons.org/licenses/by/4.0/legalcode" /></rightsList></resource>