<resource xmlns:xsi="http://www.w3.org/2001/XMLSchema-instance" xsi:schemaLocation="http://datacite.org/schema/kernel-4 https://schema.datacite.org/meta/kernel-4.4/metadata.xsd" xmlns="http://datacite.org/schema/kernel-4"><dates><date dateType="Available">2022-08-02</date></dates><alternateIdentifiers><alternateIdentifier alternateIdentifierType="urn">urn:nbn:at:at-ubl:3-12820</alternateIdentifier></alternateIdentifiers><identifier identifierType="DOI">10.35011/icchp-aaate22-p1-09</identifier><language>eng</language><creators><creator><creatorName nameType="Personal">Bosse, Ingo K.</creatorName><givenName> Ingo K.</givenName><familyName>Bosse</familyName></creator><creator><creatorName nameType="Personal">Haffner, Marius</creatorName><givenName> Marius</givenName><familyName>Haffner</familyName></creator><creator><creatorName nameType="Personal">Keller, Thomas</creatorName><givenName> Thomas</givenName><familyName>Keller</familyName></creator></creators><titles><title>Virtual Reality for Children with Special Needs</title></titles><publisher>Association ICCHP</publisher><publicationYear>2022</publicationYear><sizes><size>8 pages</size></sizes><descriptions><description descriptionType="SeriesInformation">ICCHP-AAATE 2022 Open Access Compendium "Assistive Technology, Accessibility and (e)Inclusion" Part I / Petz, Andrea ; Hoogerwerf, Evert-Jan ; Mavrou, Katerina, Seite 64-71</description><description descriptionType="Abstract">While virtual reality technology is already widely used in business and culture for im-mersion in new worlds of experience, virtual reality (VR) in the field of special and inclusive education is still not widespread. Students with intellectual and developmen-tal disabilities (IDD) are often externally determined to various degrees in their lives. To cope with everyday life independently, practicing action skills is necessary. In a real-world physical environment, this is not always easy. Virtual reality offers a possi-bility to acquire skills without restrictive conditions.Within the project &#8220;Virtual Reality for Children with Special Needs&#8221; the potentials of virtual reality for students with IDD are explored. This research and development (R&amp;D) project is a collaborative effort of the University of Applied Sciences (ZHAW Winterthur), the University of Teacher Education in Special Needs (HfH Z&#252;rich), and Vivala as the Foundation which supports persons with intellectual and developmental disabilities.</description></descriptions><fundingReferences /><formats><format>PDF</format></formats><resourceType resourceTypeGeneral="Conference paper" /><rightsList><rights rightsIdentifier="CC BY 4.0" rightsURI="https://creativecommons.org/licenses/by/4.0/legalcode" /></rightsList></resource>