<resource xmlns:xsi="http://www.w3.org/2001/XMLSchema-instance" xsi:schemaLocation="http://datacite.org/schema/kernel-4 https://schema.datacite.org/meta/kernel-4.4/metadata.xsd" xmlns="http://datacite.org/schema/kernel-4"><dates><date dateType="Available">2022-08-09</date></dates><alternateIdentifiers><alternateIdentifier alternateIdentifierType="urn">urn:nbn:at:at-ubl:3-13570</alternateIdentifier></alternateIdentifiers><identifier identifierType="DOI">10.35011/icchp-aaate22-p2-36</identifier><language>eng</language><creators><creator><creatorName nameType="Personal">Prescott, Tony J.</creatorName><givenName> Tony J.</givenName><familyName>Prescott</familyName></creator><creator><creatorName nameType="Personal">Robillard, Julie M.</creatorName><givenName> Julie M.</givenName><familyName>Robillard</familyName></creator></creators><titles><title>Designing Socially-Assistive Robots</title></titles><publisher>Association ICCHP</publisher><publicationYear>2022</publicationYear><sizes><size>8 pages</size></sizes><descriptions><description descriptionType="SeriesInformation">ICCHP-AAATE 2022 Open Access Compendium "Assistive Technology, Accessibility and (e)Inclusion" Part II / Petz, Andrea ; Hoogerwerf, Evert-Jan ; Mavrou, Katerina, Seite 285-292</description><description descriptionType="Abstract">There is increasing interest in social robots as assistive technologies to support a wide range of potential user groups. Nevertheless, the widespread use of robots has been challenged in terms of their efficacy and benefits as well as the ethics of employing robots in social roles. For instance, it has been suggested that robots are incapable of being truly social and therefore that any use of social robots as assistive technology is intrinsically deceptive. This contribution addresses this controversy, building on a relational view of human-robot interaction, which asserts that sociality has less to do with the essential natures of the human and robot actors involved, and more to do with the patterns and consequences of their interaction. From this starting position we consider and explore four design principles for social robots and compare/contrast these with the view of design &#8220;transparency&#8221; that robots should behave to reveal their true machine nature.</description></descriptions><fundingReferences /><formats><format>PDF</format></formats><resourceType resourceTypeGeneral="Conference paper" /><rightsList><rights rightsIdentifier="CC BY 4.0" rightsURI="https://creativecommons.org/licenses/by/4.0/legalcode" /></rightsList></resource>