<resource xmlns:xsi="http://www.w3.org/2001/XMLSchema-instance" xsi:schemaLocation="http://datacite.org/schema/kernel-4 https://schema.datacite.org/meta/kernel-4.4/metadata.xsd" xmlns="http://datacite.org/schema/kernel-4"><dates><date dateType="Available">2022-08-09</date></dates><alternateIdentifiers><alternateIdentifier alternateIdentifierType="urn">urn:nbn:at:at-ubl:3-13488</alternateIdentifier></alternateIdentifiers><identifier identifierType="DOI">10.35011/icchp-aaate22-p2-27</identifier><language>eng</language><creators><creator><creatorName nameType="Personal">Leorin, Cristian</creatorName><givenName> Cristian</givenName><familyName>Leorin</familyName></creator><creator><creatorName nameType="Personal">Smith, Suzanne</creatorName><givenName> Suzanne</givenName><familyName>Smith</familyName></creator><creator><creatorName nameType="Personal">Jacobs, An</creatorName><givenName> An</givenName><familyName>Jacobs</familyName></creator><creator><creatorName nameType="Personal">Ferrando, Maite</creatorName><givenName> Maite</givenName><familyName>Ferrando</familyName></creator></creators><titles><title>A Pragmatic Paticipatory Design Approach of an Implementation Readiness Tool ProTransfer</title></titles><publisher>Association ICCHP</publisher><publicationYear>2022</publicationYear><sizes><size>9 pages</size></sizes><descriptions><description descriptionType="SeriesInformation">ICCHP-AAATE 2022 Open Access Compendium "Assistive Technology, Accessibility and (e)Inclusion" Part II / Petz, Andrea ; Hoogerwerf, Evert-Jan ; Mavrou, Katerina, Seite 213-221</description><description descriptionType="Abstract">The SEURO Horizon 2020 project is developing ProTransfer, a self-assessment tool aimed at evaluating the readiness of organizations to transfer (or adopt) a digital health solution in their specific context. However, organizations vary greatly in structure, culture and stakeholder make-up, a factor to be considered when designing innovations intended for real-world application. Findings are presented from a synchronous collaborative online workshop conducted with Living Lab practitioners (n=10), using a Miro virtual whiteboard (VW) to test and evaluate elements of the ProTransfer tool. With this workshop format we created a pragmatic approach to evaluate initial conceptual ideas of the self-assessment tool with different stakeholders in an interesting and time efficient way for all parties. Findings suggest that effective completion of the ProTransfer tool requires input from a wide range of stakeholders. This presents a challenge in designing the questions and/or statements within the tool to be both sufficiently clear and unambiguous for both ease of consideration and to generate compre-hensive responses. Implications for the design of transferability self-assessment tools include consideration of the manner in which end-users of the tool should be guided to ensure completing the tool in a collaborative multi-stakeholder process.</description></descriptions><fundingReferences /><formats><format>PDF</format></formats><resourceType resourceTypeGeneral="Conference paper" /><rightsList><rights rightsIdentifier="CC BY 4.0" rightsURI="https://creativecommons.org/licenses/by/4.0/legalcode" /></rightsList></resource>