<resource xmlns:xsi="http://www.w3.org/2001/XMLSchema-instance" xsi:schemaLocation="http://datacite.org/schema/kernel-4 https://schema.datacite.org/meta/kernel-4.4/metadata.xsd" xmlns="http://datacite.org/schema/kernel-4"><dates><date dateType="Available">2022-08-02</date></dates><alternateIdentifiers><alternateIdentifier alternateIdentifierType="urn">urn:nbn:at:at-ubl:3-13135</alternateIdentifier></alternateIdentifiers><identifier identifierType="DOI">10.35011/icchp-aaate22-p1-40</identifier><language>eng</language><creators><creator><creatorName nameType="Personal">Giraldo, Mabel</creatorName><givenName> Mabel</givenName><familyName>Giraldo</familyName></creator><creator><creatorName nameType="Personal">Recupero, Annamaria</creatorName><givenName> Annamaria</givenName><familyName>Recupero</familyName></creator><creator><creatorName nameType="Personal">Besio, Serenella</creatorName><givenName> Serenella</givenName><familyName>Besio</familyName></creator><creator><creatorName nameType="Personal">Marti, Patrizia</creatorName><givenName> Patrizia</givenName><familyName>Marti</familyName></creator></creators><titles><title>Smart Community-Based Services for Older Persons with Disability</title><title titleType="Subtitle">A Desk Review and Analysis of Design Projects</title></titles><publisher>Association ICCHP</publisher><publicationYear>2022</publicationYear><sizes><size>9 pages</size></sizes><descriptions><description descriptionType="SeriesInformation">ICCHP-AAATE 2022 Open Access Compendium "Assistive Technology, Accessibility and (e)Inclusion" Part I / Petz, Andrea ; Hoogerwerf, Evert-Jan ; Mavrou, Katerina, Seite 315-323</description><description descriptionType="Abstract">Persons aging with disability (AWD) experienced the onset of disability in the early-mid life and their experience is quite different from those who acquire age-related disabilities in late life (disability with aging, DWA). Appropriate intervention models and services are required for these populations to enhance independent living and inclusion in a lifespan and ecosystemic perspective. Smart Community-Based Services (SCBS) exploit technologies and systems to empower the persons into more integrated and coordinated networks. This study analyses the state of art in SCBS through a desk review. The 11 selected projects range from small to large-scale projects, adopt different approaches from techno-centric to user-centric, and exploit diverse key-enabling technologies to form smart ecosystems. Even if the research on this topic is still limited and often experimental, SCBS has the potential to address cross-population AWD/DWA needs, and connect diverse environments by orchestrating tech-nologies, services and key-persons in the communities and favouring a more sustainable service planning.</description></descriptions><fundingReferences /><formats><format>PDF</format></formats><resourceType resourceTypeGeneral="Conference paper" /><rightsList><rights rightsIdentifier="CC BY 4.0" rightsURI="https://creativecommons.org/licenses/by/4.0/legalcode" /></rightsList></resource>