<resource xmlns:xsi="http://www.w3.org/2001/XMLSchema-instance" xsi:schemaLocation="http://datacite.org/schema/kernel-4 https://schema.datacite.org/meta/kernel-4.4/metadata.xsd" xmlns="http://datacite.org/schema/kernel-4"><dates><date dateType="Available">2022-08-09</date></dates><alternateIdentifiers><alternateIdentifier alternateIdentifierType="urn">urn:nbn:at:at-ubl:3-13274</alternateIdentifier></alternateIdentifiers><identifier identifierType="DOI">10.35011/icchp-aaate22-p2-06</identifier><language>eng</language><creators><creator><creatorName nameType="Personal">Lexis, M. A. S.</creatorName><givenName> M. A. S.</givenName><familyName>Lexis</familyName></creator><creator><creatorName nameType="Personal">Slegers, K.</creatorName><givenName> K.</givenName><familyName>Slegers</familyName></creator><creator><creatorName nameType="Personal">Hagedoren, E.</creatorName><givenName> E.</givenName><familyName>Hagedoren</familyName></creator><creator><creatorName nameType="Personal">Heide, L. A. van der</creatorName><givenName> L. A. van der</givenName><familyName>Heide</familyName></creator><creator><creatorName nameType="Personal">Jansens, R.</creatorName><givenName> R.</givenName><familyName>Jansens</familyName></creator><creator><creatorName nameType="Personal">Daniels, R.</creatorName><givenName> R.</givenName><familyName>Daniels</familyName></creator></creators><titles><title>Perspectives on 3D Printing Technology for Manufacturing Customized Assistive Technology in Rehabilitation by Occupational Therapists</title></titles><publisher>Association ICCHP</publisher><publicationYear>2022</publicationYear><sizes><size>11 pages</size></sizes><descriptions><description descriptionType="SeriesInformation">ICCHP-AAATE 2022 Open Access Compendium "Assistive Technology, Accessibility and (e)Inclusion" Part II / Petz, Andrea ; Hoogerwerf, Evert-Jan ; Mavrou, Katerina, Seite 42-52</description><description descriptionType="Abstract">Emerging technologies such as 3D printing offer promising opportunities to manufacture assistive technology to support activities of daily living for and in co-creation with clients in rehabilitation. Little is known about the impact and requirements of implementing 3D printing in rehabilitation, including com-petencies of occupational therapists, viable business models and financial, ethical, practical and/or legal considerations. The aim of this study was to explore the perspectives of rehabilitation professionals, 3D printing experts and clients in rehabilitation on the potential of 3D printing technology for manufacturing assistive technology to support activities of daily living. An exploratory qualitative study design was adopted to explore different perspectives on 3D printing for occupational therapy in rehabilitation. Interviews were audiotaped, transcribed verbatim and analyzed using content analysis. In total, 30 interviews were conducted with users, engineers, health care professionals and (rehabilitation) managers. No clients were found. Participants&#8217; actual experience with using 3D print-ing technology was limited, but they mentioned, knew or used a broad spectrum of 3D printed devices. Participants did see added value for 3D printing of custommade assistive technology. Seven main themes could be identified in the data regarding participants&#8217; views on the implementation of 3D printing in the reha-bilitation setting, including critical factors that should be taken into account: 3D printing technology, mindset, collaboration, competencies, requirements, business case, and legal aspects.</description></descriptions><fundingReferences /><formats><format>PDF</format></formats><resourceType resourceTypeGeneral="Conference paper" /><rightsList><rights rightsIdentifier="CC BY 4.0" rightsURI="https://creativecommons.org/licenses/by/4.0/legalcode" /></rightsList></resource>