<resource xmlns:xsi="http://www.w3.org/2001/XMLSchema-instance" xsi:schemaLocation="http://datacite.org/schema/kernel-4 https://schema.datacite.org/meta/kernel-4.4/metadata.xsd" xmlns="http://datacite.org/schema/kernel-4"><dates><date dateType="Available">2022-08-02</date></dates><alternateIdentifiers><alternateIdentifier alternateIdentifierType="urn">urn:nbn:at:at-ubl:3-13035</alternateIdentifier></alternateIdentifiers><identifier identifierType="DOI">10.35011/icchp-aaate22-p1-30</identifier><language>eng</language><creators><creator><creatorName nameType="Personal">Rodr&#237;guez-Due&#241;as, Willam R.</creatorName><givenName> Willam R.</givenName><familyName>Rodr&#237;guez-Due&#241;as</familyName></creator><creator><creatorName nameType="Personal">Rojas, Karen Aguia</creatorName><givenName> Karen Aguia</givenName><familyName>Rojas</familyName></creator><creator><creatorName nameType="Personal">Reyes, Ana Mar&#237;a</creatorName><givenName> Ana Mar&#237;a</givenName><familyName>Reyes</familyName></creator></creators><titles><title>Promoting the Design of a Sensory Toy for Children with Disabilities Through Interdisciplinary Teamwork</title><title titleType="Subtitle">A Classroom Experience</title></titles><publisher>Association ICCHP</publisher><publicationYear>2022</publicationYear><sizes><size>9 pages</size></sizes><descriptions><description descriptionType="SeriesInformation">ICCHP-AAATE 2022 Open Access Compendium "Assistive Technology, Accessibility and (e)Inclusion" Part I / Petz, Andrea ; Hoogerwerf, Evert-Jan ; Mavrou, Katerina, Seite 235-243</description><description descriptionType="Abstract">Background: Environmental adaptations that enable participation in play for children with disabilities is essential in the development of neurological, cognitive, and socio-emotional abilities. Toys designed as assistive technologies (ATs) can enhance parental behaviours that benefit play activities and increase family enjoyment. Interprofessional pedagogical strategies can improve the design and implementation of ATs. Aim: This study aims to develop a teaching-learning strategy with the aid of a web-based simulation tool in an AT course that promotes interprofessional skills development through the process of designing a sensory toy for children with disabilities. Method: We used the Significant Learning Framework to guide the implementation of a teaching learning strategy that includes functional knowledge, application, integration, a human dimension, caring, and learning how to learn. We designed an activity with the use of web-based tools and an ad-hoc rubric for quantitative and qualitative hetero- and co-evaluation. Results: Teamwork, interdisciplinary work, and design processes were positively evaluated. Students acknowledged the importance of interdisciplinary cooperation as well as improving the clarity of the disciplinary roles. Co-evaluation showed the need to improve clarity regarding the characteristics of the toy and the pertinence in relation to the user needs. Conclusion: AT design and implementation benefits from interdisciplinary approaches, and experiential learning brings students closer to real needs. The use of technology provides opportunities to materialise dreams and ideas that contribute to the enhancement of accessible and universal design for persons with disabilities.</description></descriptions><fundingReferences /><formats><format>PDF</format></formats><resourceType resourceTypeGeneral="Conference paper" /><rightsList><rights rightsIdentifier="CC BY 4.0" rightsURI="https://creativecommons.org/licenses/by/4.0/legalcode" /></rightsList></resource>