<resource xmlns:xsi="http://www.w3.org/2001/XMLSchema-instance" xsi:schemaLocation="http://datacite.org/schema/kernel-4 https://schema.datacite.org/meta/kernel-4.4/metadata.xsd" xmlns="http://datacite.org/schema/kernel-4"><dates><date dateType="Available">2022-08-02</date></dates><alternateIdentifiers><alternateIdentifier alternateIdentifierType="urn">urn:nbn:at:at-ubl:3-12870</alternateIdentifier></alternateIdentifiers><identifier identifierType="DOI">10.35011/icchp-aaate22-p1-14</identifier><language>eng</language><creators><creator><creatorName nameType="Personal">Sponselee, Anne-mie</creatorName><givenName> Anne-mie</givenName><familyName>Sponselee</familyName></creator><creator><creatorName nameType="Personal">Nieboer, Marianne</creatorName><givenName> Marianne</givenName><familyName>Nieboer</familyName></creator><creator><creatorName nameType="Personal">Brankaert, Rens</creatorName><givenName> Rens</givenName><familyName>Brankaert</familyName></creator></creators><titles><title>Living at Home with Dementia</title><title titleType="Subtitle">A Multi-Stakeholder Perspective on Challenges during the Night</title></titles><publisher>Association ICCHP</publisher><publicationYear>2022</publicationYear><sizes><size>6 pages</size></sizes><descriptions><description descriptionType="SeriesInformation">ICCHP-AAATE 2022 Open Access Compendium "Assistive Technology, Accessibility and (e)Inclusion" Part I / Petz, Andrea ; Hoogerwerf, Evert-Jan ; Mavrou, Katerina, Seite 101-106</description><description descriptionType="Abstract">An increasing number of people with dementia live at home, despite psychosocial and medical conditions, with an increasing burden for the informal caregivers as a result. Behavioural changes, such as wandering, sundowning, and agitation, are important predictors for caregiver burnout, with institutionalization of people with dementia as a result. The aim of this study was to gain insight into the challenges people with dementia living at home and their informal caregivers experience during the night, that can contribute to the development of technolog-ical interventions. Semi-structured interviews with people with dementia and their informal caregivers were combined with a focus group with formal caregiv-ers, resulting in an empathy map of people with dementia and their informal car-ers. Improving the knowledge about the importance of good sleep and opening up the discussion about sleep will increase the potential for tackling problems related to sleep for both people with dementia and their carers. Structure in day and night activities, both physical and mental, seem crucial for sleep quality. Also, a person-centred approach in dementia care is evident. Personal habits and behaviours of people suffering from dementia must be collected and well-docu-mented in time, and shared with those involved in determining the person-centred dementia care, and developing supportive technologies.</description></descriptions><fundingReferences /><formats><format>PDF</format></formats><resourceType resourceTypeGeneral="Conference paper" /><rightsList><rights rightsIdentifier="CC BY 4.0" rightsURI="https://creativecommons.org/licenses/by/4.0/legalcode" /></rightsList></resource>