<resource xmlns:xsi="http://www.w3.org/2001/XMLSchema-instance" xsi:schemaLocation="http://datacite.org/schema/kernel-4 https://schema.datacite.org/meta/kernel-4.4/metadata.xsd" xmlns="http://datacite.org/schema/kernel-4"><dates><date dateType="Available">2022-08-02</date></dates><alternateIdentifiers><alternateIdentifier alternateIdentifierType="urn">urn:nbn:at:at-ubl:3-13022</alternateIdentifier></alternateIdentifiers><identifier identifierType="DOI">10.35011/icchp-aaate22-p1-29</identifier><language>eng</language><creators><creator><creatorName nameType="Personal">Corcuff, Ma&#235;lle</creatorName><givenName> Ma&#235;lle</givenName><familyName>Corcuff</familyName></creator><creator><creatorName nameType="Personal">Routhier, Fran&#231;ois</creatorName><givenName> Fran&#231;ois</givenName><familyName>Routhier</familyName></creator><creator><creatorName nameType="Personal">Lamontagne, Marie-Eve</creatorName><givenName> Marie-Eve</givenName><familyName>Lamontagne</familyName></creator></creators><titles><title>Knowledge Mobilization Strategies within a Municipality to Improve Accessibility of the Built Environment: A Research Protocol</title></titles><publisher>Association ICCHP</publisher><publicationYear>2022</publicationYear><sizes><size>7 pages</size></sizes><descriptions><description descriptionType="SeriesInformation">ICCHP-AAATE 2022 Open Access Compendium "Assistive Technology, Accessibility and (e)Inclusion" Part I / Petz, Andrea ; Hoogerwerf, Evert-Jan ; Mavrou, Katerina, Seite 228-234</description><description descriptionType="Abstract">Introduction: The increased number of people living with a disability and in urban areas makes it essential to create accessible and inclusive cities for all. Universal accessibility (UA) was recognized in 2006 by the United Nations Convention on the Rights of Persons with Disabilities. Municipalities play a key role in the implementation of accessible environments but are facing challenges. Adapted and effective knowledge mobilization (KM) strategies are necessary to foster implementation practices of accessible environments. However, we don&#8217;t know much about the strategies used by municipalities, as well as their effectiveness, to mobilize knowledge in the implementation of UA measures. Objective: This project aims to support the municipality of Quebec, Canada, in best practices of KM to improve the implementation of UA measures. Methods and analysis: A case study based on a realist evaluation and a participatory approach will be used. (1)A scoping review was conducted to document strategies used by other municipalities (2)Determinants of implementation will be documented by a questionnaire created from the CFIR. (3)Focus groups will be conducted to co-create KM interventions. The interventions will be implemented and monitored for 12 months. (4)The questionnaire will be retaken to assess the effects of the interventions. Results and discussion: findings of the scoping review outline importance of the involvement of all stakeholders, information sessions and interactive knowledge mobilization strategies to facilitate the implementation. Conclusion: KM strategies adapted to municipal context will actively facilitate the introduction of new evidence to change practices and behaviors regarding UA.</description></descriptions><fundingReferences /><formats><format>PDF</format></formats><resourceType resourceTypeGeneral="Conference paper" /><rightsList><rights rightsIdentifier="CC BY 4.0" rightsURI="https://creativecommons.org/licenses/by/4.0/legalcode" /></rightsList></resource>