<resource xmlns:xsi="http://www.w3.org/2001/XMLSchema-instance" xsi:schemaLocation="http://datacite.org/schema/kernel-4 https://schema.datacite.org/meta/kernel-4.4/metadata.xsd" xmlns="http://datacite.org/schema/kernel-4"><dates><date dateType="Available">2022-08-02</date></dates><alternateIdentifiers><alternateIdentifier alternateIdentifierType="urn">urn:nbn:at:at-ubl:3-13089</alternateIdentifier></alternateIdentifiers><identifier identifierType="DOI">10.35011/icchp-aaate22-p1-35</identifier><language>eng</language><creators><creator><creatorName nameType="Personal">Ondra, Svatoslav</creatorName><givenName> Svatoslav</givenName><familyName>Ondra</familyName></creator><creator><creatorName nameType="Personal">Kl&#237;ma, Michal</creatorName><givenName> Michal</givenName><familyName>Kl&#237;ma</familyName></creator><creator><creatorName nameType="Personal">Damm, Christoph</creatorName><givenName> Christoph</givenName><familyName>Damm</familyName></creator></creators><titles><title>Polygraf Online</title><title titleType="Subtitle">Video-Conferencing System for Accessible Remote and Hybrid Teaching</title></titles><publisher>Association ICCHP</publisher><publicationYear>2022</publicationYear><sizes><size>5 pages</size></sizes><descriptions><description descriptionType="SeriesInformation">ICCHP-AAATE 2022 Open Access Compendium "Assistive Technology, Accessibility and (e)Inclusion" Part I / Petz, Andrea ; Hoogerwerf, Evert-Jan ; Mavrou, Katerina, Seite 273-277</description><description descriptionType="Abstract">In 2016, we presented the first version of a video-conferencing system for remote interpreting of sign language in higher education (CoUnSiL 1.0) [1] at the ICCHP conference in Linz. The system was capable of transmitting video and audio in very high quality (low latency, sustainable framerate etc.) among all participants, it enabled to transmit more than one video stream of a participant and provided discussion-moderating features. Compared to capabilities of mainstream video-conferencing systems of that time, CoUnSiL 1.0 allowed remote sign language interpreting in the conditions that were very close to interpreting in situ. However, there was a crucial shortcoming of the system &#8211; its setting up was extremely complicated and it had excessive requirements for network bandwidth and network configuration. That is why we started to rebuild the system completely and developed a new one. As it is a web application, no initial setup is needed. It does not require any extraordinary network configuration nor band-width and at the same time, all the features and the quality of video and audio retain on the level of the first version. Moreover, further enhancements and new features have been also implemented &#8211; mainly, the new system is able to transmit a real-time text transcription of speech (speech-to-text reporting service &#8211; captioning) in parallel to sign language interpreting. The feature has been implemented by combining it with our other system &#8211; Polygraf [2]. This has given the video-conferencing system a new name: Polygraf Online [3].</description></descriptions><fundingReferences /><formats><format>PDF</format></formats><resourceType resourceTypeGeneral="Conference paper" /><rightsList><rights rightsIdentifier="CC BY 4.0" rightsURI="https://creativecommons.org/licenses/by/4.0/legalcode" /></rightsList></resource>