<resource xmlns:xsi="http://www.w3.org/2001/XMLSchema-instance" xsi:schemaLocation="http://datacite.org/schema/kernel-4 https://schema.datacite.org/meta/kernel-4.4/metadata.xsd" xmlns="http://datacite.org/schema/kernel-4"><dates><date dateType="Available">2023-08-29</date></dates><identifier identifierType="DOI">10.35011/IDIMT-2023-303</identifier><alternateIdentifiers><alternateIdentifier alternateIdentifierType="urn">urn:nbn:at:at-ubl:3-20746</alternateIdentifier></alternateIdentifiers><language>eng</language><creators><creator><creatorName nameType="Personal">Tk&#225;&#269;, Michal</creatorName><givenName> Michal</givenName><familyName>Tk&#225;&#269;</familyName><nameIdentifier nameIdentifierScheme="ORCID">https://orcid.org/0000-0003-3462-3444</nameIdentifier></creator><creator><creatorName nameType="Personal">Tk&#225;&#269;, Michal</creatorName><givenName> Michal</givenName><familyName>Tk&#225;&#269;</familyName><nameIdentifier nameIdentifierScheme="ORCID">https://orcid.org/0000-0003-2186-6527</nameIdentifier></creator><creator><creatorName nameType="Personal">Till, Juraj</creatorName><givenName> Juraj</givenName><familyName>Till</familyName></creator></creators><titles><title>The Analysis of the Public Procurement</title></titles><publisher>Trauner Verlag</publisher><publicationYear>2023</publicationYear><sizes><size /></sizes><descriptions><description descriptionType="SeriesInformation">IDIMT-2023 : New Challenges for ICT and Management; 31st Interdisciplinary Information Management Talks Sept. 6&#8211;8, 2023 Hradec Kr&#225;lov&#233;, Czech Republic / Doucek, Petr ; Sonntag, Michael ; Nedomova, Lea, (2023), Seite 303-312</description><description descriptionType="Abstract">This study analyzes the Slovak public procurement environment before and after the COVID-19 pandemic by examining a research sample of over 102,000 real procurement offers presented in the Slovakian EKS Elektronick&#253; kontrakta&#269;n&#253; syst&#233;m. The study compares the savings from public procurement contracts in the pre-COVID era and the COVID era using Box-plot analysis and the Mann-Whitney test. The results indicate that while the mean savings rate remained similar, the COVID era had a significantly lower median savings rate and a different distribution of savings rates compared to the pre-COVID era. The study also compares the distribution of savings based on the type of public procurement offers and the type of procurer. These findings can be useful for policymakers and practitioners in understanding the impact of the pandemic on public procurement.</description></descriptions><rightsList><rights rightsIdentifier="CC BY-NC-ND 4.0" rightsURI="https://creativecommons.org/licenses/by-nc-nd/4.0/legalcode" /></rightsList><resourceType resourceTypeGeneral="ConferencePaper" /></resource>