<resource xmlns:xsi="http://www.w3.org/2001/XMLSchema-instance" xsi:schemaLocation="http://datacite.org/schema/kernel-4 https://schema.datacite.org/meta/kernel-4.4/metadata.xsd" xmlns="http://datacite.org/schema/kernel-4"><dates><date dateType="Available">2023-08-29</date></dates><identifier identifierType="DOI">10.35011/IDIMT-2023-255</identifier><alternateIdentifiers><alternateIdentifier alternateIdentifierType="urn">urn:nbn:at:at-ubl:3-20693</alternateIdentifier></alternateIdentifiers><language>eng</language><creators><creator><creatorName nameType="Personal">Bure&#353;ov&#225;, Jitka</creatorName><givenName> Jitka</givenName><familyName>Bure&#353;ov&#225;</familyName><nameIdentifier nameIdentifierScheme="ORCID">https://orcid.org/0000-0002-4055-5102</nameIdentifier></creator></creators><titles><title>Marketing Communication Targeting Children on Online Media</title></titles><publisher>Trauner Verlag</publisher><publicationYear>2023</publicationYear><sizes><size /></sizes><descriptions><description descriptionType="SeriesInformation">IDIMT-2023 : New Challenges for ICT and Management; 31st Interdisciplinary Information Management Talks Sept. 6&#8211;8, 2023 Hradec Kr&#225;lov&#233;, Czech Republic / Doucek, Petr ; Sonntag, Michael ; Nedomova, Lea, (2023), Seite 255-264</description><description descriptionType="Abstract">Children spend a large part of their free time online. The issue of children's safety online has been debated in society for many years. However, the debate does not focus on the impact of online marketing communications that target children on the Internet. This article aims to map the online media most frequently visited by children aged 10 to 13 in the Czech Republic and identify the most common ways in which children actively interact with marketing content. To achieve this goal, qualitative pre-research was first conducted as individual in-depth interviews with 16 children of the given age. The interviews identified the seven most frequently visited online media by children on which marketing communication is placed and how children interact with this online marketing communication. The main research data collection method was an online questionnaire, which was completed by a total of 591 children. The questionnaire tested seven identified online media and children's interactions with marketing communication. The results showed that children have an average of 4.8 media out of the seven we asked about and most often interact with online marketing communication on the Google search engine, where they click on different types of PPC ads, and on Instagram and TikTok, where they post profiles of famous people who very often have paid partnerships with the company whose products they then promote to children.</description></descriptions><rightsList><rights rightsIdentifier="CC BY-NC-ND 4.0" rightsURI="https://creativecommons.org/licenses/by-nc-nd/4.0/legalcode" /></rightsList><resourceType resourceTypeGeneral="ConferencePaper" /></resource>