<resource xmlns:xsi="http://www.w3.org/2001/XMLSchema-instance" xsi:schemaLocation="http://datacite.org/schema/kernel-4 https://schema.datacite.org/meta/kernel-4.4/metadata.xsd" xmlns="http://datacite.org/schema/kernel-4"><dates><date dateType="Available">2023-08-29</date></dates><identifier identifierType="DOI">10.35011/IDIMT-2023-179</identifier><alternateIdentifiers><alternateIdentifier alternateIdentifierType="urn">urn:nbn:at:at-ubl:3-20611</alternateIdentifier></alternateIdentifiers><language>eng</language><creators><creator><creatorName nameType="Personal">Doucek, Petr</creatorName><givenName> Petr</givenName><familyName>Doucek</familyName><nameIdentifier nameIdentifierScheme="ORCID">https://orcid.org/0000-0002-5647-661X</nameIdentifier></creator><creator><creatorName nameType="Personal">Nedomova, Lea</creatorName><givenName> Lea</givenName><familyName>Nedomova</familyName><nameIdentifier nameIdentifierScheme="ORCID">https://orcid.org/0000-0002-8499-959X</nameIdentifier></creator></creators><titles><title>Digital Services and Public Administration</title></titles><publisher>Trauner Verlag</publisher><publicationYear>2023</publicationYear><sizes><size /></sizes><descriptions><description descriptionType="SeriesInformation">IDIMT-2023 : New Challenges for ICT and Management; 31st Interdisciplinary Information Management Talks Sept. 6&#8211;8, 2023 Hradec Kr&#225;lov&#233;, Czech Republic / Doucek, Petr ; Sonntag, Michael ; Nedomova, Lea, (2023), Seite 179-186</description><description descriptionType="Abstract">One of the imperatives of the times is to vigorously reduce the costs of all business activities. This is no different in the state and public sector. One way is to digitise their agendas and digital communication between the state and the citizen. In this article we present the situation and development of digitalization in the Czech Republic. Firstly, its ranking among the EU countries, then we look at data mailbox services and the possibility of accessing e-government services in general. We measure the level of digitalization and state maturity within the EU using the DESI index - in 2022, the Czech Republic was ranked the 19th worst among EU member states. The use of data mailboxes is growing significantly in the Czech Republic, and users, however, focus mainly on downloading documents prepared for them by the state and public administration.</description></descriptions><rightsList><rights rightsIdentifier="CC BY-NC-ND 4.0" rightsURI="https://creativecommons.org/licenses/by-nc-nd/4.0/legalcode" /></rightsList><resourceType resourceTypeGeneral="ConferencePaper" /></resource>