<resource xmlns:xsi="http://www.w3.org/2001/XMLSchema-instance" xsi:schemaLocation="http://datacite.org/schema/kernel-4 https://schema.datacite.org/meta/kernel-4.4/metadata.xsd" xmlns="http://datacite.org/schema/kernel-4"><dates><date dateType="Available">2023-08-29</date></dates><identifier identifierType="DOI">10.35011/IDIMT-2023-195</identifier><alternateIdentifiers><alternateIdentifier alternateIdentifierType="urn">urn:nbn:at:at-ubl:3-20637</alternateIdentifier></alternateIdentifiers><language>eng</language><creators><creator><creatorName nameType="Personal">Kljaji&#263; Bor&#353;tnar, Mirjana</creatorName><givenName> Mirjana</givenName><familyName>Kljaji&#263; Bor&#353;tnar</familyName><nameIdentifier nameIdentifierScheme="ORCID">https://orcid.org/0000-0003-4608-9090</nameIdentifier></creator><creator><creatorName nameType="Personal">Pucihar, Andreja</creatorName><givenName> Andreja</givenName><familyName>Pucihar</familyName><nameIdentifier nameIdentifierScheme="ORCID">https://orcid.org/0000-0001-5750-1939</nameIdentifier></creator></creators><titles><title>Assessment of an Government Data Readiness</title><title titleType="Subtitle">a Case of Slovenia</title></titles><publisher>Trauner Verlag</publisher><publicationYear>2023</publicationYear><sizes><size /></sizes><descriptions><description descriptionType="SeriesInformation">IDIMT-2023 : New Challenges for ICT and Management; 31st Interdisciplinary Information Management Talks Sept. 6&#8211;8, 2023 Hradec Kr&#225;lov&#233;, Czech Republic / Doucek, Petr ; Sonntag, Michael ; Nedomova, Lea, (2023), Seite 195-202</description><description descriptionType="Abstract">The concept of open government data (OGD) has evolved in the past decade and gained a lot of attention. The notion that OGD will enable series of economic, social and environmental transformations is driving the governments to make their data sets available to be freely used, reused and shared by anyone. Open data maturity serves as a benchmark to gain insights into the development achieved in the field of open data by governments in Europe. However, there is still little known about the use and impact of open data by users (i.e. enterprises, organizations). In this paper, we provide an overview of open data, focusing on the assessment of use and impact of open data. For this purpose, we analysed secondary sources, such as open data maturity reports, open data portals, assessment frameworks and based on that provide an agenda for future research.</description></descriptions><rightsList><rights rightsIdentifier="CC BY-NC-ND 4.0" rightsURI="https://creativecommons.org/licenses/by-nc-nd/4.0/legalcode" /></rightsList><resourceType resourceTypeGeneral="ConferencePaper" /></resource>