<resource xmlns:xsi="http://www.w3.org/2001/XMLSchema-instance" xsi:schemaLocation="http://datacite.org/schema/kernel-4 https://schema.datacite.org/meta/kernel-4.4/metadata.xsd" xmlns="http://datacite.org/schema/kernel-4"><dates><date dateType="Available">2023-08-29</date></dates><identifier identifierType="DOI">10.35011/IDIMT-2023-283</identifier><alternateIdentifiers><alternateIdentifier alternateIdentifierType="urn">urn:nbn:at:at-ubl:3-20722</alternateIdentifier></alternateIdentifiers><language>eng</language><creators><creator><creatorName nameType="Personal">Radoslav, Delina</creatorName><givenName> Delina</givenName><familyName>Radoslav</familyName><nameIdentifier nameIdentifierScheme="ORCID">https://orcid.org/0000-0003-0412-9840</nameIdentifier></creator><creator><creatorName nameType="Personal">Demeter, Gabriel</creatorName><givenName> Gabriel</givenName><familyName>Demeter</familyName></creator></creators><titles><title>Examining the Effects of Supplier Localization on Public Procurement Performance</title></titles><publisher>Trauner Verlag</publisher><publicationYear>2023</publicationYear><sizes><size /></sizes><descriptions><description descriptionType="SeriesInformation">IDIMT-2023 : New Challenges for ICT and Management; 31st Interdisciplinary Information Management Talks Sept. 6&#8211;8, 2023 Hradec Kr&#225;lov&#233;, Czech Republic / Doucek, Petr ; Sonntag, Michael ; Nedomova, Lea, (2023), Seite 283-292</description><description descriptionType="Abstract">Non-standard behavior in public procurement with negative impact is significant problem which is highlighted in several scientific studies or policy documents. In this paper, we will address the problem of geographically close relations between supplier and public procurer and their effects on several public tender performance indicators. The analysis was conducted on data from transparent electronic contracting platform from Slovakia. We are presenting several analyses which suggest that local relationships may relate with non-standard behavioral patterns with negative impact on public tender. These results are visible also in highly transparent environment for public tendering with automatic notifications of published tenders to suppliers.</description></descriptions><rightsList><rights rightsIdentifier="CC BY-NC-ND 4.0" rightsURI="https://creativecommons.org/licenses/by-nc-nd/4.0/legalcode" /></rightsList><resourceType resourceTypeGeneral="ConferencePaper" /></resource>