<resource xmlns:xsi="http://www.w3.org/2001/XMLSchema-instance" xsi:schemaLocation="http://datacite.org/schema/kernel-4 https://schema.datacite.org/meta/kernel-4.4/metadata.xsd" xmlns="http://datacite.org/schema/kernel-4"><dates><date dateType="Available">2023-08-29</date></dates><identifier identifierType="DOI">10.35011/IDIMT-2023-13</identifier><alternateIdentifiers><alternateIdentifier alternateIdentifierType="urn">urn:nbn:at:at-ubl:3-20441</alternateIdentifier></alternateIdentifiers><language>eng</language><creators><creator><creatorName nameType="Personal">Neubauer, Georg</creatorName><givenName> Georg</givenName><familyName>Neubauer</familyName><nameIdentifier nameIdentifierScheme="ORCID">https://orcid.org/0009-0007-2690-9801</nameIdentifier></creator><creator><creatorName nameType="Personal">Schimak, Gerald</creatorName><givenName> Gerald</givenName><familyName>Schimak</familyName></creator><creator><creatorName nameType="Personal">Peham, Johannes R.</creatorName><givenName> Johannes R.</givenName><familyName>Peham</familyName><nameIdentifier nameIdentifierScheme="ORCID">https://orcid.org/0000-0003-1381-2545</nameIdentifier></creator><creator><creatorName nameType="Personal">Gehre, Florian</creatorName><givenName> Florian</givenName><familyName>Gehre</familyName></creator><creator><creatorName nameType="Personal">Affara, Muna</creatorName><givenName> Muna</givenName><familyName>Affara</familyName><nameIdentifier nameIdentifierScheme="ORCID">https://orcid.org/0000-0001-6102-8160</nameIdentifier></creator><creator><creatorName nameType="Personal">Rainer, Karin</creatorName><givenName> Karin</givenName><familyName>Rainer</familyName></creator><creator><creatorName nameType="Personal">Duscher, Georg</creatorName><givenName> Georg</givenName><familyName>Duscher</familyName><nameIdentifier nameIdentifierScheme="ORCID">https://orcid.org/0000-0002-3486-5470</nameIdentifier></creator><creator><creatorName nameType="Personal">Leidwein, Alois</creatorName><givenName> Alois</givenName><familyName>Leidwein</familyName><nameIdentifier nameIdentifierScheme="ORCID">https://orcid.org/0000-0002-1057-6500</nameIdentifier></creator><creator><creatorName nameType="Personal">Vlachostergiou, Angeliki</creatorName><givenName> Angeliki</givenName><familyName>Vlachostergiou</familyName><nameIdentifier nameIdentifierScheme="ORCID">https://orcid.org/0000-0002-7057-5016</nameIdentifier></creator><creator><creatorName nameType="Personal">Jaho, Eva</creatorName><givenName> Eva</givenName><familyName>Jaho</familyName><nameIdentifier nameIdentifierScheme="ORCID">https://orcid.org/0000-0002-4271-5800</nameIdentifier></creator></creators><titles><title>Decision Support for Application of Laboratory Platforms in Pandemics</title></titles><publisher>Trauner Verlag</publisher><publicationYear>2023</publicationYear><sizes><size /></sizes><descriptions><description descriptionType="SeriesInformation">IDIMT-2023 : New Challenges for ICT and Management; 31st Interdisciplinary Information Management Talks Sept. 6&#8211;8, 2023 Hradec Kr&#225;lov&#233;, Czech Republic / Doucek, Petr ; Sonntag, Michael ; Nedomova, Lea, (2023), Seite 13-20</description><description descriptionType="Abstract">Climate change and other factors like population increase, inhabitance of new areas, deforestation and agricultural expansion and roll back of living environment of species make transmission of viruses in particular from animal to humans and outbreak of pandemics more likely. To respond adequately to such threats arising from pathogens like emerging arboviruses such as the Crimean-Congo haemorrhagic fever virus or the West Nile virus, mobile one health laboratories with the highest bio-safety level 4 (BSL4) are becoming increasingly important. For the coordination of several mobile laboratories a decision support system is needed. To identify the optimized locations for the operation of these resources, the results on the local incidence of specific pathogens provided by the mobile laboratories needs to be combined with data from different provenience such as modelling of the trend of incidence of pathogens, information provided by international stakeholders such as European Center for Disease Prevention and Control (ECDC) as well as analysis of data coming from sources such as social media. Based on a set of indicators decision makers can be supported in taking time-critical decisions. Within the project MOBILISE a BSL4 mobile laboratory and decision support system (DSS) is developed, using a set of indicators for assistance in taking time-critical decisions. The DSS extends the relevant system built in the STAMINA project for pandemic management, adopting the One Health approach to balance and optimize the health of people, animals and the environment.</description></descriptions><rightsList><rights rightsIdentifier="CC BY-NC-ND 4.0" rightsURI="https://creativecommons.org/licenses/by-nc-nd/4.0/legalcode" /></rightsList><resourceType resourceTypeGeneral="ConferencePaper" /></resource>