<resource xmlns:xsi="http://www.w3.org/2001/XMLSchema-instance" xsi:schemaLocation="http://datacite.org/schema/kernel-4 https://schema.datacite.org/meta/kernel-4.4/metadata.xsd" xmlns="http://datacite.org/schema/kernel-4"><dates><date dateType="Available">2023-08-29</date></dates><identifier identifierType="DOI">10.35011/IDIMT-2023-265</identifier><alternateIdentifiers><alternateIdentifier alternateIdentifierType="urn">urn:nbn:at:at-ubl:3-20702</alternateIdentifier></alternateIdentifiers><language>eng</language><creators><creator><creatorName nameType="Personal">Syrov&#225;tkov&#225;, Jana</creatorName><givenName> Jana</givenName><familyName>Syrov&#225;tkov&#225;</familyName><nameIdentifier nameIdentifierScheme="ORCID">https://orcid.org/0000-0002-9654-4445</nameIdentifier></creator><creator><creatorName nameType="Personal">Kor&#269;&#225;k, Ji&#345;&#237;</creatorName><givenName> Ji&#345;&#237;</givenName><familyName>Kor&#269;&#225;k</familyName></creator></creators><titles><title>Comparation of EU Politics Activities on Twitter (Years 2020 and 2022)</title></titles><publisher>Trauner Verlag</publisher><publicationYear>2023</publicationYear><sizes><size /></sizes><descriptions><description descriptionType="SeriesInformation">IDIMT-2023 : New Challenges for ICT and Management; 31st Interdisciplinary Information Management Talks Sept. 6&#8211;8, 2023 Hradec Kr&#225;lov&#233;, Czech Republic / Doucek, Petr ; Sonntag, Michael ; Nedomova, Lea, (2023), Seite 265-272</description><description descriptionType="Abstract">With huge boom of social media as they are used by broad masses of population, in addition to individuals and business companies, politicians are also starting to use this technology. We have studied Twitter data of 188 EU politicians in 2020 and found out, that there were statistically significant differences between usage Twitter by politicians from rich and from poor countries. During the covid crisis more and more people started to use social networks often. They spend more time on computers and therefore in this study we have prolonged our study to the data from 2022 (155 Twitter accounts) to see, how the crisis has changed selected politicians&#180; activity on the Twitter platform. Our study analyses the profiles of European politicians (heads of the countries, prime ministers, ministers). Study compares activity and dependence to the GDP per capita and regions (north, south, west, east, defined by OSN) and uses statistical methods (ANOVA, F and ttests). Our study shows evolution in politic usage of the Twitter and shows the differences from the previous study.</description></descriptions><rightsList><rights rightsIdentifier="CC BY-NC-ND 4.0" rightsURI="https://creativecommons.org/licenses/by-nc-nd/4.0/legalcode" /></rightsList><resourceType resourceTypeGeneral="ConferencePaper" /></resource>