<resource xmlns:xsi="http://www.w3.org/2001/XMLSchema-instance" xsi:schemaLocation="http://datacite.org/schema/kernel-4 https://schema.datacite.org/meta/kernel-4.4/metadata.xsd" xmlns="http://datacite.org/schema/kernel-4"><dates><date dateType="Available">2023-08-29</date></dates><identifier identifierType="DOI">10.35011/IDIMT-2023-217</identifier><alternateIdentifiers><alternateIdentifier alternateIdentifierType="urn">urn:nbn:at:at-ubl:3-20655</alternateIdentifier></alternateIdentifiers><language>eng</language><creators><creator><creatorName nameType="Personal">Sigmund, Tom&#225;&#353;</creatorName><givenName> Tom&#225;&#353;</givenName><familyName>Sigmund</familyName><nameIdentifier nameIdentifierScheme="ORCID">https://orcid.org/0000-0002-2514-1390</nameIdentifier></creator></creators><titles><title>Security Software as a Hygene Factor</title></titles><publisher>Trauner Verlag</publisher><publicationYear>2023</publicationYear><sizes><size /></sizes><descriptions><description descriptionType="SeriesInformation">IDIMT-2023 : New Challenges for ICT and Management; 31st Interdisciplinary Information Management Talks Sept. 6&#8211;8, 2023 Hradec Kr&#225;lov&#233;, Czech Republic / Doucek, Petr ; Sonntag, Michael ; Nedomova, Lea, (2023), Seite 217-226</description><description descriptionType="Abstract">This article investigates the application of Herzberg's Two-Factor Motivation Theory in the realm of IT security software. Using the online questionnaire, we tested the relationship between users&#8217; attitude towards security software and its features representing various hygiene factors. We confirmed the relevance of hygiene factors for users&#8217; attitude towards security software and can conclude security software is a hygiene factor that should work automatically, unobtrusively and be easy to use. Thus, we confirmed that users are not internally interested in security and are motivated by the security threats only.</description></descriptions><rightsList><rights rightsIdentifier="CC BY-NC-ND 4.0" rightsURI="https://creativecommons.org/licenses/by-nc-nd/4.0/legalcode" /></rightsList><resourceType resourceTypeGeneral="ConferencePaper" /></resource>