<resource xmlns:xsi="http://www.w3.org/2001/XMLSchema-instance" xsi:schemaLocation="http://datacite.org/schema/kernel-4 https://schema.datacite.org/meta/kernel-4.4/metadata.xsd" xmlns="http://datacite.org/schema/kernel-4"><dates><date dateType="Available">2023-08-29</date></dates><identifier identifierType="DOI">10.35011/IDIMT-2023-399</identifier><alternateIdentifiers><alternateIdentifier alternateIdentifierType="urn">urn:nbn:at:at-ubl:3-20867</alternateIdentifier></alternateIdentifiers><language>eng</language><creators><creator><creatorName nameType="Personal">Mar&#353;&#225;lek, Karel</creatorName><givenName> Karel</givenName><familyName>Mar&#353;&#225;lek</familyName><nameIdentifier nameIdentifierScheme="ORCID">https://orcid.org/0000-0002-5511-6022</nameIdentifier></creator></creators><titles><title>COBIT 2019 Contribution to Digital Literacy</title></titles><publisher>Trauner Verlag</publisher><publicationYear>2023</publicationYear><sizes><size /></sizes><descriptions><description descriptionType="SeriesInformation">IDIMT-2023 : New Challenges for ICT and Management; 31st Interdisciplinary Information Management Talks Sept. 6&#8211;8, 2023 Hradec Kr&#225;lov&#233;, Czech Republic / Doucek, Petr ; Sonntag, Michael ; Nedomova, Lea, (2023), Seite 399-406</description><description descriptionType="Abstract">Digitization and digital transformation have become an absolute necessity for many organizations in order to stay competitive in the current dynamic world. This brings various obstacles that need to be addressed, some of which are less apparent than others. One such critical obstacle, or rather a key factor affecting the success of digital transformation processes, is digital literacy in an organization. This article examines whether the adoption and utilization of COBIT 2019 can positively contribute to an organization&#8217;s level of digital literacy. This is determined by examining the relation between the concept of digital literacy and the COBIT 2019 framework. More specifically, COBIT enterprise objectives, alignment objectives, associated metrics, governance objectives and management objectives are analyzed for overlaps with digital literacy. Even though COBIT 2019 is a comprehensive framework aimed at the enterprise as a whole, the results show there are certain aspects of the framework that directly or indirectly relate to digital literacy. The main overlaps can be found in the area of human resources management and resource optimization, which are addressed by COBIT governance and management objectives APO07 and EDM04. Additionally, five other COBIT management objectives were identified to have a partial relation to digital literacy &#8211; mostly to certain subsets of digital skills. These objectives can be recommended to management of organizations as areas of focus for ensuring a sufficient level of digital literacy, which is vital for any organization that is currently undergoing or plans to undergo changes related to digital transformation.</description></descriptions><rightsList><rights rightsIdentifier="CC BY-NC-ND 4.0" rightsURI="https://creativecommons.org/licenses/by-nc-nd/4.0/legalcode" /></rightsList><resourceType resourceTypeGeneral="ConferencePaper" /></resource>