<resource xmlns:xsi="http://www.w3.org/2001/XMLSchema-instance" xsi:schemaLocation="http://datacite.org/schema/kernel-4 https://schema.datacite.org/meta/kernel-4.4/metadata.xsd" xmlns="http://datacite.org/schema/kernel-4"><dates><date dateType="Available">2023-08-29</date></dates><identifier identifierType="DOI">10.35011/IDIMT-2023-321</identifier><alternateIdentifiers><alternateIdentifier alternateIdentifierType="urn">urn:nbn:at:at-ubl:3-20761</alternateIdentifier></alternateIdentifiers><language>eng</language><creators><creator><creatorName nameType="Personal">Urminsk&#253;, Jaroslav</creatorName><givenName> Jaroslav</givenName><familyName>Urminsk&#253;</familyName><nameIdentifier nameIdentifierScheme="ORCID">https://orcid.org/0000-0002-8254-4305</nameIdentifier></creator><creator><creatorName nameType="Personal">Zajaro&#353;ov&#225;, Mark&#233;ta</creatorName><givenName> Mark&#233;ta</givenName><familyName>Zajaro&#353;ov&#225;</familyName><nameIdentifier nameIdentifierScheme="ORCID">https://orcid.org/0000-0002-2500-9592</nameIdentifier></creator><creator><creatorName nameType="Personal">V&#225;vra, Adam</creatorName><givenName> Adam</givenName><familyName>V&#225;vra</familyName><nameIdentifier nameIdentifierScheme="ORCID">https://orcid.org/0000-0002-0035-3311</nameIdentifier></creator><creator><creatorName nameType="Personal">Karady, Ond&#345;ej</creatorName><givenName> Ond&#345;ej</givenName><familyName>Karady</familyName></creator></creators><titles><title>Benefits of E-Auction</title><title titleType="Subtitle">Real Users Evaluation</title></titles><publisher>Trauner Verlag</publisher><publicationYear>2023</publicationYear><sizes><size /></sizes><descriptions><description descriptionType="SeriesInformation">IDIMT-2023 : New Challenges for ICT and Management; 31st Interdisciplinary Information Management Talks Sept. 6&#8211;8, 2023 Hradec Kr&#225;lov&#233;, Czech Republic / Doucek, Petr ; Sonntag, Michael ; Nedomova, Lea, (2023), Seite 321-328</description><description descriptionType="Abstract">Electronic auctions have become a common tool used in the field of procurement. They are used regardless of the type of organization and the nature of the markets. The problem we dealt with was how their real users evaluate the commonly mentioned advantages of e-auctions. We focus closely on the relationship between the experiences of e-auction implementers and their evaluation of the advantages. Potential differences were examined by the Jonckheere-Terpstra tests. The research is based on data from the survey. The results show that in most cases, the experience of the users does not influence the evaluation of the benefits. Statistical differences were confirmed only for financial savings in relation to the frequency of use of e-auctions and for simplicity of the tool in the case of the length of e-auctions using. The results can contribute to discussion related to the learning process of organizations among others.</description></descriptions><rightsList><rights rightsIdentifier="CC BY-NC-ND 4.0" rightsURI="https://creativecommons.org/licenses/by-nc-nd/4.0/legalcode" /></rightsList><resourceType resourceTypeGeneral="ConferencePaper" /></resource>