<resource xmlns:xsi="http://www.w3.org/2001/XMLSchema-instance" xsi:schemaLocation="http://datacite.org/schema/kernel-4 https://schema.datacite.org/meta/kernel-4.4/metadata.xsd" xmlns="http://datacite.org/schema/kernel-4"><dates><date dateType="Available">2023-08-29</date></dates><identifier identifierType="DOI">10.35011/IDIMT-2023-383</identifier><alternateIdentifiers><alternateIdentifier alternateIdentifierType="urn">urn:nbn:at:at-ubl:3-20845</alternateIdentifier></alternateIdentifiers><language>eng</language><creators><creator><creatorName nameType="Personal">Schwope, Julia</creatorName><givenName> Julia</givenName><familyName>Schwope</familyName></creator><creator><creatorName nameType="Personal">Jantos, Anne</creatorName><givenName> Anne</givenName><familyName>Jantos</familyName></creator></creators><titles><title>E-Portfolios to Foster Reflective Learning</title><title titleType="Subtitle">a Systematic Literature Analysis to Examine Current Research</title></titles><publisher>Trauner Verlag</publisher><publicationYear>2023</publicationYear><sizes><size /></sizes><descriptions><description descriptionType="SeriesInformation">IDIMT-2023 : New Challenges for ICT and Management; 31st Interdisciplinary Information Management Talks Sept. 6&#8211;8, 2023 Hradec Kr&#225;lov&#233;, Czech Republic / Doucek, Petr ; Sonntag, Michael ; Nedomova, Lea, (2023), Seite 383-390</description><description descriptionType="Abstract">Everyday life of higher education is undergoing a change that requires a shift from subject-specific to interpersonal skills such as reflection. E-portfolios as a learning and assessment method can be the answer. We show the potential of e-portfolio using a systematic literature analysis with the result that e-portfolios can foster reflective learning with holistic didactical planning and extensive support both in the learning group and by the teachers.</description></descriptions><rightsList><rights rightsIdentifier="CC BY-NC-ND 4.0" rightsURI="https://creativecommons.org/licenses/by-nc-nd/4.0/legalcode" /></rightsList><resourceType resourceTypeGeneral="ConferencePaper" /></resource>