<resource xmlns:xsi="http://www.w3.org/2001/XMLSchema-instance" xsi:schemaLocation="http://datacite.org/schema/kernel-4 https://schema.datacite.org/meta/kernel-4.4/metadata.xsd" xmlns="http://datacite.org/schema/kernel-4"><dates><date dateType="Available">2023-08-29</date></dates><identifier identifierType="DOI">10.35011/IDIMT-2023-187</identifier><alternateIdentifiers><alternateIdentifier alternateIdentifierType="urn">urn:nbn:at:at-ubl:3-20628</alternateIdentifier></alternateIdentifiers><language>eng</language><creators><creator><creatorName nameType="Personal">Luk&#225;&#353;, Martin</creatorName><givenName> Martin</givenName><familyName>Luk&#225;&#353;</familyName></creator><creator><creatorName nameType="Personal">Bure&#353;ov&#225;, Tereza</creatorName><givenName> Tereza</givenName><familyName>Bure&#353;ov&#225;</familyName></creator><creator><creatorName nameType="Personal">Ulman, Milo&#353;</creatorName><givenName> Milo&#353;</givenName><familyName>Ulman</familyName><nameIdentifier nameIdentifierScheme="ORCID">https://orcid.org/0000-0001-9556-7672</nameIdentifier></creator><creator><creatorName nameType="Personal">Havr&#225;nek, Martin</creatorName><givenName> Martin</givenName><familyName>Havr&#225;nek</familyName></creator><creator><creatorName nameType="Personal">Jarol&#237;mek, Jan</creatorName><givenName> Jan</givenName><familyName>Jarol&#237;mek</familyName><nameIdentifier nameIdentifierScheme="ORCID">https://orcid.org/0000-0001-7194-3055</nameIdentifier></creator></creators><titles><title>Digital Transformation at the National, Regional, and Local Levels of Public Administration</title><title titleType="Subtitle">a Case of the Czech Republic</title></titles><publisher>Trauner Verlag</publisher><publicationYear>2023</publicationYear><sizes><size /></sizes><descriptions><description descriptionType="SeriesInformation">IDIMT-2023 : New Challenges for ICT and Management; 31st Interdisciplinary Information Management Talks Sept. 6&#8211;8, 2023 Hradec Kr&#225;lov&#233;, Czech Republic / Doucek, Petr ; Sonntag, Michael ; Nedomova, Lea, (2023), Seite 187-194</description><description descriptionType="Abstract">Digital transformation (DT) of public administration entails major socio-technical and political changes to deliver positive, tangible changes in peoples' lives. Delivering the outcomes of the DT projects becomes increasingly difficult to manage as factors of organizational structuring, technologies, and innovation efforts play role. As the DT strategies are developed at the national level, little is known about how these strategies are adopted and implemented at the regional and local levels of government. We present a case based on a survey in two local municipalities and two regions in the Czech Republic. While municipalities reported a much higher number of specific and partial goals of DT, the regional administration offices about half of the risks and twice more strategic intentions than the municipalities. DT planning and implementation creates a knowledge and skills gap between local, regional, and national levels of public administration. Further research is needed on the barriers and challenges of DT at the lower levels of public administration.</description></descriptions><rightsList><rights rightsIdentifier="CC BY-NC-ND 4.0" rightsURI="https://creativecommons.org/licenses/by-nc-nd/4.0/legalcode" /></rightsList><resourceType resourceTypeGeneral="ConferencePaper" /></resource>