<resource xmlns:xsi="http://www.w3.org/2001/XMLSchema-instance" xsi:schemaLocation="http://datacite.org/schema/kernel-4 https://schema.datacite.org/meta/kernel-4.4/metadata.xsd" xmlns="http://datacite.org/schema/kernel-4"><dates><date dateType="Available">2023-08-29</date></dates><identifier identifierType="DOI">10.35011/IDIMT-2023-373</identifier><alternateIdentifiers><alternateIdentifier alternateIdentifierType="urn">urn:nbn:at:at-ubl:3-20838</alternateIdentifier></alternateIdentifiers><language>eng</language><creators><creator><creatorName nameType="Personal">Lisnik, Anton</creatorName><givenName> Anton</givenName><familyName>Lisnik</familyName></creator><creator><creatorName nameType="Personal">Bretz, Patrik</creatorName><givenName> Patrik</givenName><familyName>Bretz</familyName></creator><creator><creatorName nameType="Personal">Warhol, Miroslav</creatorName><givenName> Miroslav</givenName><familyName>Warhol</familyName></creator><creator><creatorName nameType="Personal">Majern&#237;k, Milan</creatorName><givenName> Milan</givenName><familyName>Majern&#237;k</familyName><nameIdentifier nameIdentifierScheme="ORCID">https://orcid.org/0000-0002-4421-2801</nameIdentifier></creator></creators><titles><title>Specifics of Ethical Principles of System Data Protection in the Service Segment</title></titles><publisher>Trauner Verlag</publisher><publicationYear>2023</publicationYear><sizes><size /></sizes><descriptions><description descriptionType="SeriesInformation">IDIMT-2023 : New Challenges for ICT and Management; 31st Interdisciplinary Information Management Talks Sept. 6&#8211;8, 2023 Hradec Kr&#225;lov&#233;, Czech Republic / Doucek, Petr ; Sonntag, Michael ; Nedomova, Lea, (2023), Seite 373-380</description><description descriptionType="Abstract">Each segment that works with data has exact rules and its own specifics. All data is now specially protected and is subject the EU level to rules and regulations as well as the organization&#8217;s own internal regulations. A special segment is the data collected in the hotel service segment, especially about the accommodated guests. Ethics play a very important role in this segment of information. This paper focuses on the specification of ethical rules used in the service sector.</description></descriptions><rightsList><rights rightsIdentifier="CC BY-NC-ND 4.0" rightsURI="https://creativecommons.org/licenses/by-nc-nd/4.0/legalcode" /></rightsList><resourceType resourceTypeGeneral="ConferencePaper" /></resource>