<resource xmlns:xsi="http://www.w3.org/2001/XMLSchema-instance" xsi:schemaLocation="http://datacite.org/schema/kernel-4 https://schema.datacite.org/meta/kernel-4.4/metadata.xsd" xmlns="http://datacite.org/schema/kernel-4"><dates><date dateType="Available">2023-08-29</date></dates><identifier identifierType="DOI">10.35011/IDIMT-2023-313</identifier><alternateIdentifiers><alternateIdentifier alternateIdentifierType="urn">urn:nbn:at:at-ubl:3-20752</alternateIdentifier></alternateIdentifiers><language>eng</language><creators><creator><creatorName nameType="Personal">Zajaro&#353;ov&#225;, Mark&#233;ta</creatorName><givenName> Mark&#233;ta</givenName><familyName>Zajaro&#353;ov&#225;</familyName><nameIdentifier nameIdentifierScheme="ORCID">https://orcid.org/0000-0002-2500-9592</nameIdentifier></creator><creator><creatorName nameType="Personal">Urminsk&#253;, Jaroslav</creatorName><givenName> Jaroslav</givenName><familyName>Urminsk&#253;</familyName><nameIdentifier nameIdentifierScheme="ORCID">https://orcid.org/0000-0002-8254-4305</nameIdentifier></creator><creator><creatorName nameType="Personal">&#352;enk&#253;&#345;ov&#225;, Ane&#382;ka</creatorName><givenName> Ane&#382;ka</givenName><familyName>&#352;enk&#253;&#345;ov&#225;</familyName><nameIdentifier nameIdentifierScheme="ORCID">https://orcid.org/0000-0002-0863-293X</nameIdentifier></creator><creator><creatorName nameType="Personal">Mac&#237;k, Marek</creatorName><givenName> Marek</givenName><familyName>Mac&#237;k</familyName><nameIdentifier nameIdentifierScheme="ORCID">https://orcid.org/0000-0002-7494-144X</nameIdentifier></creator></creators><titles><title>Analysis of University Students' Attitudes Toward Work in Procurement</title></titles><publisher>Trauner Verlag</publisher><publicationYear>2023</publicationYear><sizes><size /></sizes><descriptions><description descriptionType="SeriesInformation">IDIMT-2023 : New Challenges for ICT and Management; 31st Interdisciplinary Information Management Talks Sept. 6&#8211;8, 2023 Hradec Kr&#225;lov&#233;, Czech Republic / Doucek, Petr ; Sonntag, Michael ; Nedomova, Lea, (2023), Seite 313-320</description><description descriptionType="Abstract">There are many studies and professional papers analyzing the skills required for procurement. Most of these studies are focused on analyzing the skills of already working buyers at different levels. This study is focused on the analysis of university students who have gone through purchasing education. The objective of this study is to examine the attitudes of students of the Faculty of Economics, VSB-Technical university of Ostrava of the master's degree Marketing and Business toward work in the field of procurement. Other objectives are to analyze the selected abilities and personality traits of students important for work in procurement, including the evaluation of job benefits preferences. This study is quantitative and focused on primary data collected from an online survey from university students who completed courses related to procurement. A total of 74 relevant questionnaires were collected in 2021 and 2022. The return rate of the questionnaires reached 77%. Statistical results revealed that only 5% of students would like to work in procurement. The students lack the personality characteristics that are needed for work in purchasing. The Mann-Whitney test revealed that there was a gender difference in the evaluation of three benefits and two personality characteristics.</description></descriptions><rightsList><rights rightsIdentifier="CC BY-NC-ND 4.0" rightsURI="https://creativecommons.org/licenses/by-nc-nd/4.0/legalcode" /></rightsList><resourceType resourceTypeGeneral="ConferencePaper" /></resource>