<resource xmlns:xsi="http://www.w3.org/2001/XMLSchema-instance" xsi:schemaLocation="http://datacite.org/schema/kernel-4 https://schema.datacite.org/meta/kernel-4.4/metadata.xsd" xmlns="http://datacite.org/schema/kernel-4"><dates><date dateType="Available">2023-08-29</date></dates><identifier identifierType="DOI">10.35011/IDIMT-2023-273</identifier><alternateIdentifiers><alternateIdentifier alternateIdentifierType="urn">urn:nbn:at:at-ubl:3-20712</alternateIdentifier></alternateIdentifiers><language>eng</language><creators><creator><creatorName nameType="Personal">Willoughby, Tereza</creatorName><givenName> Tereza</givenName><familyName>Willoughby</familyName></creator></creators><titles><title>Arts News Agenda Setting on Social Media</title></titles><publisher>Trauner Verlag</publisher><publicationYear>2023</publicationYear><sizes><size /></sizes><descriptions><description descriptionType="SeriesInformation">IDIMT-2023 : New Challenges for ICT and Management; 31st Interdisciplinary Information Management Talks Sept. 6&#8211;8, 2023 Hradec Kr&#225;lov&#233;, Czech Republic / Doucek, Petr ; Sonntag, Michael ; Nedomova, Lea, (2023), Seite 273-280</description><description descriptionType="Abstract">In this paper the author explores whether the representation of Czech culture on public media outlets&#8217; social media accounts is balanced. Traditional Czech media are increasingly active on social networks, which are becoming a key information channel, meaning they shape both information and public taste. Using the example of the arts coverage of public broadcaster Czech Television (CT), the author examines how agenda setting for social networks works in traditional audiovisual media. Based on quantitative research of the accounts of its news station and specialised arts section in March 2023, she analyses the topics to which editors give most space. The findings are then followed up with quantitative research in the form of guided semi-structured interviews with those responsible for accounts&#8217; content. The result is a narrowly focused analysis of the principles used in the selection of arts topics on public TV&#8217;s social media accounts.</description></descriptions><rightsList><rights rightsIdentifier="CC BY-NC-ND 4.0" rightsURI="https://creativecommons.org/licenses/by-nc-nd/4.0/legalcode" /></rightsList><resourceType resourceTypeGeneral="ConferencePaper" /></resource>