<resource xmlns:xsi="http://www.w3.org/2001/XMLSchema-instance" xsi:schemaLocation="http://datacite.org/schema/kernel-4 https://schema.datacite.org/meta/kernel-4.4/metadata.xsd" xmlns="http://datacite.org/schema/kernel-4"><dates><date dateType="Available">2023-08-29</date></dates><identifier identifierType="DOI">10.35011/IDIMT-2023-143</identifier><alternateIdentifiers><alternateIdentifier alternateIdentifierType="urn">urn:nbn:at:at-ubl:3-20579</alternateIdentifier></alternateIdentifiers><language>eng</language><creators><creator><creatorName nameType="Personal">Schmittner, Christoph</creatorName><givenName> Christoph</givenName><familyName>Schmittner</familyName><nameIdentifier nameIdentifierScheme="ORCID">https://orcid.org/0000-0003-4430-6813</nameIdentifier></creator><creator><creatorName nameType="Personal">Shaaban, Abdelkader Magdy</creatorName><givenName> Abdelkader Magdy</givenName><familyName>Shaaban</familyName><nameIdentifier nameIdentifierScheme="ORCID">https://orcid.org/0000-0002-9159-8436</nameIdentifier></creator></creators><titles><title>Overview of AI Standardization</title></titles><publisher>Trauner Verlag</publisher><publicationYear>2023</publicationYear><sizes><size /></sizes><descriptions><description descriptionType="SeriesInformation">IDIMT-2023 : New Challenges for ICT and Management; 31st Interdisciplinary Information Management Talks Sept. 6&#8211;8, 2023 Hradec Kr&#225;lov&#233;, Czech Republic / Doucek, Petr ; Sonntag, Michael ; Nedomova, Lea, (2023), Seite 143-150</description><description descriptionType="Abstract">Artificial Intelligence (AI) is one of the driving forces of Industry 5.0. AI is not restricted to machinery on the shop floor but permeates all areas and is used for diverse topics, ranging from predicting Quality and Yield to Predictive Maintenance, Human-robot collaboration, Generative design, and even Market adaption/supply-chain. With such wide potential usage, trustworthiness is of utmost importance. Safety, security, and privacy need to be considered depending on the usage, processed data, and outputs. With the high pace of technological progress, standardization and regulation try to keep up by developing guidance for AI's ethical, safe, and secure usage. The EU H2020 project &lt;a href="https://teaching-h2020.eu" target="_blank"&gt;TEACHING&lt;/a&gt; aims to utilize AI for autonomous, adaptive, and dependable CPSoS applications. AI-related safety and security standards were identified and evaluated during the TEACHING project. This paper summarizes TEACHING results, documented in D6.7, and gives an overview of AI standardization.</description></descriptions><rightsList><rights rightsIdentifier="CC BY-NC-ND 4.0" rightsURI="https://creativecommons.org/licenses/by-nc-nd/4.0/legalcode" /></rightsList><resourceType resourceTypeGeneral="ConferencePaper" /></resource>