<resource xmlns:xsi="http://www.w3.org/2001/XMLSchema-instance" xsi:schemaLocation="http://datacite.org/schema/kernel-4 https://schema.datacite.org/meta/kernel-4.4/metadata.xsd" xmlns="http://datacite.org/schema/kernel-4"><dates><date dateType="Available">2023-08-29</date></dates><identifier identifierType="DOI">10.35011/IDIMT-2023-73</identifier><alternateIdentifiers><alternateIdentifier alternateIdentifierType="urn">urn:nbn:at:at-ubl:3-20508</alternateIdentifier></alternateIdentifiers><language>eng</language><creators><creator><creatorName nameType="Personal">Kov&#225;&#345;ov&#225;, Marie</creatorName><givenName> Marie</givenName><familyName>Kov&#225;&#345;ov&#225;</familyName></creator><creator><creatorName nameType="Personal">Maryska, Milos</creatorName><givenName> Milos</givenName><familyName>Maryska</familyName><nameIdentifier nameIdentifierScheme="ORCID">https://orcid.org/0000-0003-2783-4657</nameIdentifier></creator></creators><titles><title>Intrusion Detection and Prevention with Neural Networks</title></titles><publisher>Trauner Verlag</publisher><publicationYear>2023</publicationYear><sizes><size /></sizes><descriptions><description descriptionType="SeriesInformation">IDIMT-2023 : New Challenges for ICT and Management; 31st Interdisciplinary Information Management Talks Sept. 6&#8211;8, 2023 Hradec Kr&#225;lov&#233;, Czech Republic / Doucek, Petr ; Sonntag, Michael ; Nedomova, Lea, (2023), Seite 73-80</description><description descriptionType="Abstract">This paper focuses on cyber security, particularly on Intrusion Detection and Prevention Systems (IDPS) using Neural Networks. The paper discusses the limitations of traditional techniques in IDPS and the growing interest in the use of Machine-Learning (ML) and Deep-Learning (DL) algorithms to detect unknown attacks. The aim of the paper is to analyze the possible usage of neural networks in IDPS from a cyber security data structure perspective. The paper describes the structure of cyber security and its data, methods and techniques used in IDPS with an emphasis on the usage of Artificial Intelligence (AI) related algorithms. The suitability of neural networks for usage in IDPS is analyzed based on cyber security data description. The paper concludes that neural networks implemented within IDPS bring many benefits but also many challenges that need to be addressed. In the context of high-frequency data in IDPS environment a Recurrent Neural Network combined with Attention mechanism was selected for development of future IDPS.</description></descriptions><rightsList><rights rightsIdentifier="CC BY-NC-ND 4.0" rightsURI="https://creativecommons.org/licenses/by-nc-nd/4.0/legalcode" /></rightsList><resourceType resourceTypeGeneral="ConferencePaper" /></resource>