<resource xmlns:xsi="http://www.w3.org/2001/XMLSchema-instance" xsi:schemaLocation="http://datacite.org/schema/kernel-4 https://schema.datacite.org/meta/kernel-4.4/metadata.xsd" xmlns="http://datacite.org/schema/kernel-4"><dates><date dateType="Available">2023-08-29</date></dates><identifier identifierType="DOI">10.35011/IDIMT-2023-243</identifier><alternateIdentifiers><alternateIdentifier alternateIdentifierType="urn">urn:nbn:at:at-ubl:3-20688</alternateIdentifier></alternateIdentifiers><language>eng</language><creators><creator><creatorName nameType="Personal">Pavl&#237;&#269;ek, Anton&#237;n</creatorName><givenName> Anton&#237;n</givenName><familyName>Pavl&#237;&#269;ek</familyName><nameIdentifier nameIdentifierScheme="ORCID">https://orcid.org/0000-0002-1230-5982</nameIdentifier></creator></creators><titles><title>Social Media and Innovations</title><title titleType="Subtitle">Case Studies in Automotive Industry</title></titles><publisher>Trauner Verlag</publisher><publicationYear>2023</publicationYear><sizes><size /></sizes><descriptions><description descriptionType="SeriesInformation">IDIMT-2023 : New Challenges for ICT and Management; 31st Interdisciplinary Information Management Talks Sept. 6&#8211;8, 2023 Hradec Kr&#225;lov&#233;, Czech Republic / Doucek, Petr ; Sonntag, Michael ; Nedomova, Lea, (2023), Seite 243-254</description><description descriptionType="Abstract">The integration of social media platforms into our daily lives has not only revolutionized communication and connected people from diverse backgrounds but has also emerged as a powerful tool for businesses to innovate and maintain their competitive edge. Case studies from the automotive industry has shown significant transformations through the integration of social media platforms. This paper explores how companies like Tesla and Ford have leveraged social media to create new revenue streams, increase brand awareness, and engage with their fan communities. Examples include Tesla's direct car sales and brand-building efforts and Ford's use of social media to connect with fans and promote new models. Overall, social media has become an essential element in the innovative strategies of automotive companies, enabling them to reach wider audiences and adapt to evolving consumer demands.</description></descriptions><rightsList><rights rightsIdentifier="CC BY-NC-ND 4.0" rightsURI="https://creativecommons.org/licenses/by-nc-nd/4.0/legalcode" /></rightsList><resourceType resourceTypeGeneral="ConferencePaper" /></resource>