<resource xmlns:xsi="http://www.w3.org/2001/XMLSchema-instance" xsi:schemaLocation="http://datacite.org/schema/kernel-4 https://schema.datacite.org/meta/kernel-4.4/metadata.xsd" xmlns="http://datacite.org/schema/kernel-4"><dates><date dateType="Available">2023-08-29</date></dates><identifier identifierType="DOI">10.35011/IDIMT-2023-63</identifier><alternateIdentifiers><alternateIdentifier alternateIdentifierType="urn">urn:nbn:at:at-ubl:3-20499</alternateIdentifier></alternateIdentifiers><language>eng</language><creators><creator><creatorName nameType="Personal">Leierzopf, Ernst</creatorName><givenName> Ernst</givenName><familyName>Leierzopf</familyName></creator><creator><creatorName nameType="Personal">Roland, Michael</creatorName><givenName> Michael</givenName><familyName>Roland</familyName><nameIdentifier nameIdentifierScheme="ORCID">https://orcid.org/0000-0003-4675-0539</nameIdentifier></creator><creator><creatorName nameType="Personal">Mayrhofer, Ren&#233;</creatorName><givenName> Ren&#233;</givenName><familyName>Mayrhofer</familyName><nameIdentifier nameIdentifierScheme="ORCID">https://orcid.org/0000-0003-1566-4646</nameIdentifier></creator><creator><creatorName nameType="Personal">Putz, Florentin</creatorName><givenName> Florentin</givenName><familyName>Putz</familyName><nameIdentifier nameIdentifierScheme="ORCID">https://orcid.org/0000-0003-3122-7315</nameIdentifier></creator></creators><titles><title>A Large-Scale Data Collection and Evaluation Framework for Android Device Security Attributes</title></titles><publisher>Trauner Verlag</publisher><publicationYear>2023</publicationYear><sizes><size /></sizes><descriptions><description descriptionType="SeriesInformation">IDIMT-2023 : New Challenges for ICT and Management; 31st Interdisciplinary Information Management Talks Sept. 6&#8211;8, 2023 Hradec Kr&#225;lov&#233;, Czech Republic / Doucek, Petr ; Sonntag, Michael ; Nedomova, Lea, (2023), Seite 63-72</description><description descriptionType="Abstract">Android&#8217;s fast-lived development cycles and increasing amounts of manufacturers and device models make a comparison of relevant security attributes, in addition to the already difficult comparison of features, more challenging. Most smartphone reviews only consider offered features in their analysis. Smartphone manufacturers include their own software on top of the Android Open Source Project (AOSP) to improve user experience, to add their own pre-installed apps or apps from third-party sponsors, and to distinguish themselves from their competitors. These changes affect the security of smartphones. It is insufficient to validate device security state only based on measured data from real devices for a complete assessment. Promised major version releases, security updates, security update schedules of devices, and correct claims on security and privacy of pre-installed software are some aspects, which need statistically significant amounts of data to evaluate. Lack of software and security updates is a common reason for shorter lifespans of electronics, especially for smartphones. Validating the claims of manufacturers and publishing the results creates incentives towards more sustainable maintenance and longevity of smartphones. We present a novel scalable data collection and evaluation framework, which includes multiple sources of data like dedicated device farms, crowdsourcing, and webscraping. Our solution improves the comparability of devices based on their security attributes by providing measurements from real devices.</description></descriptions><rightsList><rights rightsIdentifier="CC BY-NC-ND 4.0" rightsURI="https://creativecommons.org/licenses/by-nc-nd/4.0/legalcode" /></rightsList><resourceType resourceTypeGeneral="ConferencePaper" /></resource>