<resource xmlns:xsi="http://www.w3.org/2001/XMLSchema-instance" xsi:schemaLocation="http://datacite.org/schema/kernel-4 https://schema.datacite.org/meta/kernel-4.4/metadata.xsd" xmlns="http://datacite.org/schema/kernel-4"><dates><date dateType="Available">2023-08-29</date></dates><identifier identifierType="DOI">10.35011/IDIMT-2023-101</identifier><alternateIdentifiers><alternateIdentifier alternateIdentifierType="urn">urn:nbn:at:at-ubl:3-20536</alternateIdentifier></alternateIdentifiers><language>eng</language><creators><creator><creatorName nameType="Personal">Henkelmann, David</creatorName><givenName> David</givenName><familyName>Henkelmann</familyName></creator><creator><creatorName nameType="Personal">Fertig, Tobias</creatorName><givenName> Tobias</givenName><familyName>Fertig</familyName><nameIdentifier nameIdentifierScheme="ORCID">https://orcid.org/0000-0002-6831-9857</nameIdentifier></creator></creators><titles><title>Exploring the Link Between Accessible Website Design and User Experience for Humans with Blindness and Visual Impairment</title><title titleType="Subtitle">a quality study</title></titles><publisher>Trauner Verlag</publisher><publicationYear>2023</publicationYear><sizes><size /></sizes><descriptions><description descriptionType="SeriesInformation">IDIMT-2023 : New Challenges for ICT and Management; 31st Interdisciplinary Information Management Talks Sept. 6&#8211;8, 2023 Hradec Kr&#225;lov&#233;, Czech Republic / Doucek, Petr ; Sonntag, Michael ; Nedomova, Lea, (2023), Seite 101-108</description><description descriptionType="Abstract">In today's digital age, web accessibility and barrier-free design are crucial for individuals with disabilities to fully participate in and benefit from the Internet. Despite existing guidelines, there is room for improvement in their implementation. This qualitative study explores the relationship between accessible website design and user experience for individuals with blindness and visual impairments. Through interviews, it aims to understand their current emotions and perceptions towards the Internet. Additionally, the study discusses the importance of involving individuals with visual impairments in the creation and implementation of accessibility policies and laws. The findings of this study will serve as the foundation for further empirical research to test the hypotheses formed.</description></descriptions><rightsList><rights rightsIdentifier="CC BY-NC-ND 4.0" rightsURI="https://creativecommons.org/licenses/by-nc-nd/4.0/legalcode" /></rightsList><resourceType resourceTypeGeneral="ConferencePaper" /></resource>