<resource xmlns:xsi="http://www.w3.org/2001/XMLSchema-instance" xsi:schemaLocation="http://datacite.org/schema/kernel-4 https://schema.datacite.org/meta/kernel-4.4/metadata.xsd" xmlns="http://datacite.org/schema/kernel-4"><dates><date dateType="Available">2023-08-29</date></dates><identifier identifierType="DOI">10.35011/IDIMT-2023-111</identifier><alternateIdentifiers><alternateIdentifier alternateIdentifierType="urn">urn:nbn:at:at-ubl:3-20540</alternateIdentifier></alternateIdentifiers><language>eng</language><creators><creator><creatorName nameType="Personal">Jantos, Anne</creatorName><givenName> Anne</givenName><familyName>Jantos</familyName></creator><creator><creatorName nameType="Personal">Vogt, Iris</creatorName><givenName> Iris</givenName><familyName>Vogt</familyName></creator><creator><creatorName nameType="Personal">Fleckenstein, Elena</creatorName><givenName> Elena</givenName><familyName>Fleckenstein</familyName><nameIdentifier nameIdentifierScheme="ORCID">https://orcid.org/0000-0002-1672-1326</nameIdentifier></creator></creators><titles><title>Self-Test as a Blended Assessment Strategy to Foster Student Engangement and Satisfaction in Higher Education</title></titles><publisher>Trauner Verlag</publisher><publicationYear>2023</publicationYear><sizes><size /></sizes><descriptions><description descriptionType="SeriesInformation">IDIMT-2023 : New Challenges for ICT and Management; 31st Interdisciplinary Information Management Talks Sept. 6&#8211;8, 2023 Hradec Kr&#225;lov&#233;, Czech Republic / Doucek, Petr ; Sonntag, Michael ; Nedomova, Lea, (2023), Seite 111-120</description><description descriptionType="Abstract">Standard assessment methods in higher education are mostly one-dimensional and leave students and teachers dissatisfied. We propose a blended assessment approach to foster student engagement, self-efficacy, and overall satisfaction by using a digital self-test as preparation for an exam. We designed, implemented, and evaluated a course where students both created and used a self-test. We found that this diverse assessment strategy engages students, increases their learning outcome, and leaves them generally more satisfied. Based on our findings, we derive a guideline to implement self-tests in a course in higher education that enables teachers to use this blended assessment approach in the future. We show that student engagement, satisfaction and learning outcome is perceived to be much increased and that various steps need to be taken to ensure a successful course implementation such as transparent communication and rigorous mentoring by faculty staff.</description></descriptions><rightsList><rights rightsIdentifier="CC BY-NC-ND 4.0" rightsURI="https://creativecommons.org/licenses/by-nc-nd/4.0/legalcode" /></rightsList><resourceType resourceTypeGeneral="ConferencePaper" /></resource>