<resource xmlns:xsi="http://www.w3.org/2001/XMLSchema-instance" xsi:schemaLocation="http://datacite.org/schema/kernel-4 https://schema.datacite.org/meta/kernel-4.4/metadata.xsd"
    xmlns="http://datacite.org/schema/kernel-4">
    <dates>
        <date dateType="Available">2023-08-29</date>
    </dates>
    <identifier identifierType="DOI">10.35011/IDIMT-2023-29</identifier>
    <alternateIdentifiers>
        <alternateIdentifier alternateIdentifierType="urn">urn:nbn:at:at-ubl:3-20463</alternateIdentifier>
    </alternateIdentifiers>
    <language>eng</language>
    <creators>
        <creator>
            <creatorName nameType="Personal">Rainer, Karin</creatorName>
            <givenName> Karin</givenName>
            <familyName>Rainer</familyName>
        </creator>
        <creator>
            <creatorName nameType="Personal">Grosser, Cosmas</creatorName>
            <givenName> Cosmas</givenName>
            <familyName>Grosser</familyName>
        </creator>
        <creator>
            <creatorName nameType="Personal">Hagedorn, Melissa</creatorName>
            <givenName> Melissa</givenName>
            <familyName>Hagedorn</familyName>
        </creator>
        <creator>
            <creatorName nameType="Personal">Leidwein, Alois</creatorName>
            <givenName> Alois</givenName>
            <familyName>Leidwein</familyName>
        </creator>
        <creator>
            <creatorName nameType="Personal">Neubauer, Georg</creatorName>
            <givenName> Georg</givenName>
            <familyName>Neubauer</familyName>
        </creator>
        <creator>
            <creatorName nameType="Personal">Sturm, Nadine</creatorName>
            <givenName> Nadine</givenName>
            <familyName>Sturm</familyName>
        </creator>
        <creator>
            <creatorName nameType="Personal">Geyer, Constanze</creatorName>
            <givenName> Constanze</givenName>
            <familyName>Geyer</familyName>
        </creator>
        <creator>
            <creatorName nameType="Personal">Salomon, Gabriele</creatorName>
            <givenName> Gabriele</givenName>
            <familyName>Salomon</familyName>
        </creator>
        <creator>
            <creatorName nameType="Personal">Pr&#252;ller, Rainer</creatorName>
            <givenName> Rainer</givenName>
            <familyName>Pr&#252;ller</familyName>
        </creator>
        <creator>
            <creatorName nameType="Personal">Sch&#246;ggl, Florian</creatorName>
            <givenName> Florian</givenName>
            <familyName>Sch&#246;ggl</familyName>
        </creator>
    </creators>
    <titles>
        <title>From Strategic Planning to Tackling Pandemics</title>
    </titles>
    <publisher>Trauner Verlag</publisher>
    <publicationYear>2023</publicationYear>
    <sizes>
        <size />
    </sizes>
    <descriptions>
        <description descriptionType="SeriesInformation">IDIMT-2023 : New Challenges for ICT and Management; 31st Interdisciplinary Information Management Talks Sept. 6&#8211;8, 2023 Hradec Kr&#225;lov&#233;, Czech Republic / Doucek, Petr ; Sonntag, Michael ; Nedomova, Lea, (2023), Seite 29-38</description>
        <description descriptionType="Abstract">COVID-19 has led to the world's largest virus-induced crisis in recent decades. Like many other countries, Austria was inadequately prepared for a pandemic in some areas. The pandemic management was therefore in most respects reactive instead of pro-active. This led to measures that were sometimes difficult for the population to understand. The need for a clear-cut pandemic management plan that includes feasible recommendations for decision makers was already evident in early stages of the pandemic. &#8220;ROADS to Health&#8221; aims to work out a holistic, technologically supported system that draws onto lessons learned from the COVID-19 outbreak to tackle future epidemics and pandemics that provides adequate decisions at all times.&lt;br/&gt;The objectives of &#8220;ROADS to Health&#8221; concentrate on generating the basis for situation-based measure matching in an infection scenario, or more precisely, in an epidemic or pandemic outbreak. Different aspects of the project include project management, requirements and scenarios, measures, tool conceptioning, testing and validation. &lt;br /&gt;In the initial project phase, the focus of ROADS lies upon working out certain impacts of bundles of measures that were set over the last years and how they align with strategic aims in pandemic management. The requirements and scenarios that are of utmost importance for the project and are based on background analysis of pandemic parameters, baseline studies, cataloguing and assessment of current practices. &lt;br /&gt;It posed to be difficult to match broad strategic aims with specific means and measures, since the former are not communicated publicly by decision makers. Another challenge hereby was that various organisations, communities, etc. may have different (underlying) strategic plans behind their reasoning for actions.&lt;br/&gt;Hence, our multi-disciplinary team is currently working out categorisations of measures and parameters within pandemic management that can ultimately be traced back to strategic objectives, which dictate the overarching direction decision makers want to head towards in tackling a pandemic outbreak.</description>
    </descriptions>
    <rightsList>
        <rights rightsIdentifier="CC BY-NC-ND 4.0" rightsURI="https://creativecommons.org/licenses/by-nc-nd/4.0/legalcode" />
    </rightsList>
    <resourceType resourceTypeGeneral="ConferencePaper" />
</resource>