<resource xmlns:xsi="http://www.w3.org/2001/XMLSchema-instance" xsi:schemaLocation="http://datacite.org/schema/kernel-4 https://schema.datacite.org/meta/kernel-4.4/metadata.xsd" xmlns="http://datacite.org/schema/kernel-4"><dates><date dateType="Available">2023-08-29</date></dates><identifier identifierType="DOI">10.35011/IDIMT-2023-337</identifier><alternateIdentifiers><alternateIdentifier alternateIdentifierType="urn">urn:nbn:at:at-ubl:3-20782</alternateIdentifier></alternateIdentifiers><language>eng</language><creators><creator><creatorName nameType="Personal">Kone&#269;n&#253;, Michal</creatorName><givenName> Michal</givenName><familyName>Kone&#269;n&#253;</familyName><nameIdentifier nameIdentifierScheme="ORCID">https://orcid.org/0000-0001-7926-257X</nameIdentifier></creator><creator><creatorName nameType="Personal">Ruschak, Michal</creatorName><givenName> Michal</givenName><familyName>Ruschak</familyName><nameIdentifier nameIdentifierScheme="ORCID">https://orcid.org/0000-0002-8896-4765</nameIdentifier></creator><creator><creatorName nameType="Personal">Kostiuk, Yaroslava</creatorName><givenName> Yaroslava</givenName><familyName>Kostiuk</familyName><nameIdentifier nameIdentifierScheme="ORCID">https://orcid.org/0000-0001-8059-5195</nameIdentifier></creator></creators><titles><title>Online Reputation of Public Charging Stations Operators</title><title titleType="Subtitle">an Empirical Study on the Czech Market</title></titles><publisher>Trauner Verlag</publisher><publicationYear>2023</publicationYear><sizes><size /></sizes><descriptions><description descriptionType="SeriesInformation">IDIMT-2023 : New Challenges for ICT and Management; 31st Interdisciplinary Information Management Talks Sept. 6&#8211;8, 2023 Hradec Kr&#225;lov&#233;, Czech Republic / Doucek, Petr ; Sonntag, Michael ; Nedomova, Lea, (2023), Seite 337-346</description><description descriptionType="Abstract">The paper deals with challenges associated with the sustainable development of company reputation of public charging station operators in the Czech Republic. Specific attention is paid to online reputation, which represents an important aspect for the development of their responsible and sustainable image and is perceived as a valuable but vulnerable intangible asset. For the purposes of the research, a sample of 10 largest operators of public charging stations in the Czech market was selected. The sampling was based on the public charging stations listed by the Ministry of Industry and Trade as of 31 December 2022. The analysis was performed using the method of sentiment analysis. The findings identified within the study of this significant sample provide a perspective on the challenges concerning a sustainable development of company reputation. The findings enable better understanding of how to achieve sustainable development of public charging station operators&#180; reputation, but are also applicable to other relevant business areas.</description></descriptions><rightsList><rights rightsIdentifier="CC BY-NC-ND 4.0" rightsURI="https://creativecommons.org/licenses/by-nc-nd/4.0/legalcode" /></rightsList><resourceType resourceTypeGeneral="ConferencePaper" /></resource>