<resource xmlns:xsi="http://www.w3.org/2001/XMLSchema-instance" xsi:schemaLocation="http://datacite.org/schema/kernel-4 https://schema.datacite.org/meta/kernel-4.4/metadata.xsd" xmlns="http://datacite.org/schema/kernel-4"><dates><date dateType="Available">2023-08-29</date></dates><identifier identifierType="DOI">10.35011/IDIMT-2023-293</identifier><alternateIdentifiers><alternateIdentifier alternateIdentifierType="urn">urn:nbn:at:at-ubl:3-20737</alternateIdentifier></alternateIdentifiers><language>eng</language><creators><creator><creatorName nameType="Personal">Tk&#225;&#269;, Michal</creatorName><givenName> Michal</givenName><familyName>Tk&#225;&#269;</familyName><nameIdentifier nameIdentifierScheme="ORCID">https://orcid.org/0000-0003-3462-3444</nameIdentifier></creator><creator><creatorName nameType="Personal">Sieber, Jakub</creatorName><givenName> Jakub</givenName><familyName>Sieber</familyName><nameIdentifier nameIdentifierScheme="ORCID">https://orcid.org/0000-0003-3675-6304</nameIdentifier></creator></creators><titles><title>Analysis of Public Procurement in Strategy Resource Sourcing</title><title titleType="Subtitle">Does Relation of Matter in Long Run Contracts?</title></titles><publisher>Trauner Verlag</publisher><publicationYear>2023</publicationYear><sizes><size /></sizes><descriptions><description descriptionType="SeriesInformation">IDIMT-2023 : New Challenges for ICT and Management; 31st Interdisciplinary Information Management Talks Sept. 6&#8211;8, 2023 Hradec Kr&#225;lov&#233;, Czech Republic / Doucek, Petr ; Sonntag, Michael ; Nedomova, Lea, (2023), Seite 293-302</description><description descriptionType="Abstract">The proposed paper is conducting the analysis of public procurement of electricity in Slovak Republic between years 2014 and 2022. Based on 1,009 observations there is made an analysis of the rate of savings in public procurement with focus on features describing the repeated relation between the supplier and contracting authority, as well as evaluation of the savings rate according to the chosen type of procurement strategy, comparing the auction and contractual type. Results of CHAID algorithm suggests the predicted savings have tendency to be higher while using auction type, also supported by non-parametric test, when the median saving rate is higher by 3.73%.</description></descriptions><rightsList><rights rightsIdentifier="CC BY-NC-ND 4.0" rightsURI="https://creativecommons.org/licenses/by-nc-nd/4.0/legalcode" /></rightsList><resourceType resourceTypeGeneral="ConferencePaper" /></resource>