<resource xmlns:xsi="http://www.w3.org/2001/XMLSchema-instance" xsi:schemaLocation="http://datacite.org/schema/kernel-4 https://schema.datacite.org/meta/kernel-4.4/metadata.xsd" xmlns="http://datacite.org/schema/kernel-4"><dates><date dateType="Available">2023-08-29</date></dates><identifier identifierType="DOI">10.35011/IDIMT-2023-347</identifier><alternateIdentifiers><alternateIdentifier alternateIdentifierType="urn">urn:nbn:at:at-ubl:3-20804</alternateIdentifier></alternateIdentifiers><language>eng</language><creators><creator><creatorName nameType="Personal">Siska, Veronika</creatorName><givenName> Veronika</givenName><familyName>Siska</familyName></creator><creator><creatorName nameType="Personal">Al-Akrawi, Astrid</creatorName><givenName> Astrid</givenName><familyName>Al-Akrawi</familyName></creator><creator><creatorName nameType="Personal">Zackrisson, Mats</creatorName><givenName> Mats</givenName><familyName>Zackrisson</familyName><nameIdentifier nameIdentifierScheme="ORCID">https://orcid.org/0000-0003-1826-8665</nameIdentifier></creator></creators><titles><title>Building a Sustainable Battery Supply Chain with Digital Battery Passports</title></titles><publisher>Trauner Verlag</publisher><publicationYear>2023</publicationYear><sizes><size /></sizes><descriptions><description descriptionType="SeriesInformation">IDIMT-2023 : New Challenges for ICT and Management; 31st Interdisciplinary Information Management Talks Sept. 6&#8211;8, 2023 Hradec Kr&#225;lov&#233;, Czech Republic / Doucek, Petr ; Sonntag, Michael ; Nedomova, Lea, (2023), Seite 347-354</description><description descriptionType="Abstract">The digital battery passport is an essential driver of sustainable production and circular economy as it enables storing and tracking data for batteries throughout the whole value chain. The BatWoMan project is paving the way towards carbon-neutral Li-ion battery cell production via new sustainable and cost-efficient methods, and by building a prototype for a digital battery passport. In this article, we outline the concept of the battery passport, including the status of relevant regulations, standards and initiatives. We then present the BatWoMan project and its design for a battery dataspace and passport. We describe relevant stakeholders and their interactions within the data space and introduce the system architecture, which is based on the International Data Spaces and Gaia-X frameworks. Finally, limitations of the research outcome are presented.</description></descriptions><rightsList><rights rightsIdentifier="CC BY-NC-ND 4.0" rightsURI="https://creativecommons.org/licenses/by-nc-nd/4.0/legalcode" /></rightsList><resourceType resourceTypeGeneral="ConferencePaper" /></resource>