<resource xmlns:xsi="http://www.w3.org/2001/XMLSchema-instance" xsi:schemaLocation="http://datacite.org/schema/kernel-4 https://schema.datacite.org/meta/kernel-4.4/metadata.xsd" xmlns="http://datacite.org/schema/kernel-4"><dates><date dateType="Available">2023-08-29</date></dates><identifier identifierType="DOI">10.35011/IDIMT-2023-161</identifier><alternateIdentifiers><alternateIdentifier alternateIdentifierType="urn">urn:nbn:at:at-ubl:3-20591</alternateIdentifier></alternateIdentifiers><language>eng</language><creators><creator><creatorName nameType="Personal">Coronel, Carmina</creatorName><givenName> Carmina</givenName><familyName>Coronel</familyName></creator><creator><creatorName nameType="Personal">Litzenberger, Martin</creatorName><givenName> Martin</givenName><familyName>Litzenberger</familyName><nameIdentifier nameIdentifierScheme="ORCID">https://orcid.org/0000-0002-2101-2188</nameIdentifier></creator><creator><creatorName nameType="Personal">Wohlleben, Kilian</creatorName><givenName> Kilian</givenName><familyName>Wohlleben</familyName></creator></creators><titles><title>Fiber Optic Acoustic Sensing (FOAS) for Automatic Traffic Jam Queue End Detection</title></titles><publisher>Trauner Verlag</publisher><publicationYear>2023</publicationYear><sizes><size /></sizes><descriptions><description descriptionType="SeriesInformation">IDIMT-2023 : New Challenges for ICT and Management; 31st Interdisciplinary Information Management Talks Sept. 6&#8211;8, 2023 Hradec Kr&#225;lov&#233;, Czech Republic / Doucek, Petr ; Sonntag, Michael ; Nedomova, Lea, (2023), Seite 161-168</description><description descriptionType="Abstract">Queue end detection in traffic jams is especially important on highways that are prone to traffic jams, and at the same time to fog or other severe weather that can significantly reduce visibility. An automatic warning system for traffic jam build-up needs to work seamlessly over the whole affected road sections. In line with this, we introduce fiber optic acoustic sensing (FOAS) for automated queue end detection in traffic jams. In FOAS systems, series of light pulses are transmitted along a fiber-optic cable and the back-scattered light, which is affected by the mechanical strain of the fiber-optic cables due to ground vibrations, is measured and analyzed. With fiber-optic cables installed parallel to a highway where ground vibrations are induced by passing vehicles, traffic information such strong deceleration can be detected in the FOAS signals. In this paper, we present an algorithm based on image processing methods that estimates strong braking action from image representations of the FOAS signal. We tested the results of the algorithm on FOAS sample data collected on a real highway.</description></descriptions><rightsList><rights rightsIdentifier="CC BY-NC-ND 4.0" rightsURI="https://creativecommons.org/licenses/by-nc-nd/4.0/legalcode" /></rightsList><resourceType resourceTypeGeneral="ConferencePaper" /></resource>