<resource xmlns:xsi="http://www.w3.org/2001/XMLSchema-instance" xsi:schemaLocation="http://datacite.org/schema/kernel-4 https://schema.datacite.org/meta/kernel-4.4/metadata.xsd" xmlns="http://datacite.org/schema/kernel-4"><dates><date dateType="Available">2023-08-29</date></dates><identifier identifierType="DOI">10.35011/IDIMT-2023-203</identifier><alternateIdentifiers><alternateIdentifier alternateIdentifierType="urn">urn:nbn:at:at-ubl:3-20648</alternateIdentifier></alternateIdentifiers><language>eng</language><creators><creator><creatorName nameType="Personal">Pechtor, V&#225;clav</creatorName><givenName> V&#225;clav</givenName><familyName>Pechtor</familyName></creator><creator><creatorName nameType="Personal">Basl, Josef</creatorName><givenName> Josef</givenName><familyName>Basl</familyName></creator></creators><titles><title>Unraveling the Processes and Challenges of Artificial Intelligence Implementation in the Swiss Public Sector</title><title titleType="Subtitle">a TOE Framework Analysis</title></titles><publisher>Trauner Verlag</publisher><publicationYear>2023</publicationYear><sizes><size /></sizes><descriptions><description descriptionType="SeriesInformation">IDIMT-2023 : New Challenges for ICT and Management; 31st Interdisciplinary Information Management Talks Sept. 6&#8211;8, 2023 Hradec Kr&#225;lov&#233;, Czech Republic / Doucek, Petr ; Sonntag, Michael ; Nedomova, Lea, (2023), Seite 203-216</description><description descriptionType="Abstract">This research aims to comprehend the complex processes that underpin the adoption and implementation of artificial intelligence (AI) in the Swiss public sector, particularly the challenges that arise from these processes. Applying the Technology-Organization-Environment (TOE) framework, we examine six cases, evaluating the maturity levels of technical, organizational, and environmental processes and pinpointing the issues that emerge.&lt;br/&gt;Our findings reveal that despite the widespread adoption of AI in other industries, the Swiss public sector faces unique hurdles tied to its implementation processes. A key challenge is the persistent concern around data protection and privacy, which hinders AI adoption even in the presence of existing encryption technologies. Our analysis also unveils other obstacles, such as infrastructure inadequacies, lack of top management support, and data management issues. &lt;br /&gt;By dissecting these implementation processes and their associated challenges, this paper underscores the need for public administrations to not only implement existing data protection technologies but also to manage other crucial aspects of AI adoption efficiently. This study, therefore, bridges the research gap by identifying how data protection concerns and other factors inhibit AI adoption in the public sector. The insights derived from the TOE framework offer valuable guidance for improving AI integration processes, thereby advancing AI adoption more broadly.</description></descriptions><rightsList><rights rightsIdentifier="CC BY-NC-ND 4.0" rightsURI="https://creativecommons.org/licenses/by-nc-nd/4.0/legalcode" /></rightsList><resourceType resourceTypeGeneral="ConferencePaper" /></resource>