<resource xmlns:xsi="http://www.w3.org/2001/XMLSchema-instance" xsi:schemaLocation="http://datacite.org/schema/kernel-4 https://schema.datacite.org/meta/kernel-4.4/metadata.xsd" xmlns="http://datacite.org/schema/kernel-4"><dates><date dateType="Available">2023-08-29</date></dates><identifier identifierType="DOI">10.35011/IDIMT-2023-21</identifier><alternateIdentifiers><alternateIdentifier alternateIdentifierType="urn">urn:nbn:at:at-ubl:3-20451</alternateIdentifier></alternateIdentifiers><language>eng</language><creators><creator><creatorName nameType="Personal">Rainer, Karin</creatorName><givenName> Karin</givenName><familyName>Rainer</familyName></creator><creator><creatorName nameType="Personal">Ruppitsch, Werner</creatorName><givenName> Werner</givenName><familyName>Ruppitsch</familyName><nameIdentifier nameIdentifierScheme="ORCID">https://orcid.org/0000-0001-9940-3333</nameIdentifier></creator><creator><creatorName nameType="Personal">Cabal-Rosel, Adriana</creatorName><givenName> Adriana</givenName><familyName>Cabal-Rosel</familyName><nameIdentifier nameIdentifierScheme="ORCID">https://orcid.org/0000-0001-9346-1612</nameIdentifier></creator><creator><creatorName nameType="Personal">Steger, Julia</creatorName><givenName> Julia</givenName><familyName>Steger</familyName></creator><creator><creatorName nameType="Personal">Kramreither, Nicole</creatorName><givenName> Nicole</givenName><familyName>Kramreither</familyName></creator><creator><creatorName nameType="Personal">Polzer, Daniel</creatorName><givenName> Daniel</givenName><familyName>Polzer</familyName></creator><creator><creatorName nameType="Personal">Hyden, Patrick</creatorName><givenName> Patrick</givenName><familyName>Hyden</familyName></creator><creator><creatorName nameType="Personal">Peischl, Nadine</creatorName><givenName> Nadine</givenName><familyName>Peischl</familyName></creator><creator><creatorName nameType="Personal">Rathammer, Krista</creatorName><givenName> Krista</givenName><familyName>Rathammer</familyName></creator><creator><creatorName nameType="Personal">Feren&#269;ak, Ivana</creatorName><givenName> Ivana</givenName><familyName>Feren&#269;ak</familyName><nameIdentifier nameIdentifierScheme="ORCID">https://orcid.org/0000-0002-9285-9052</nameIdentifier></creator><creator><creatorName nameType="Personal">Tabian, Irena</creatorName><givenName> Irena</givenName><familyName>Tabian</familyName></creator><creator><creatorName nameType="Personal">Tryfinopoulou, Kyriaki</creatorName><givenName> Kyriaki</givenName><familyName>Tryfinopoulou</familyName><nameIdentifier nameIdentifierScheme="ORCID">https://orcid.org/0009-0009-7066-7453</nameIdentifier></creator><creator><creatorName nameType="Personal">Spanakos, Gregory</creatorName><givenName> Gregory</givenName><familyName>Spanakos</familyName></creator><creator><creatorName nameType="Personal">Henczk&#243;, , Judit</creatorName><givenName> </givenName><familyName>Henczk&#243;</familyName></creator><creator><creatorName nameType="Personal">P&#225;lyi, Bernadett</creatorName><givenName> Bernadett</givenName><familyName>P&#225;lyi</familyName><nameIdentifier nameIdentifierScheme="ORCID">https://orcid.org/0000-0003-1975-4198</nameIdentifier></creator></creators><titles><title>Advancements in Genomics Workflows for Pandemic Management Improving Outbreak Investigation and Surveillance Capacity in Austria and Beyond</title></titles><publisher>Trauner Verlag</publisher><publicationYear>2023</publicationYear><sizes><size /></sizes><descriptions><description descriptionType="SeriesInformation">IDIMT-2023 : New Challenges for ICT and Management; 31st Interdisciplinary Information Management Talks Sept. 6&#8211;8, 2023 Hradec Kr&#225;lov&#233;, Czech Republic / Doucek, Petr ; Sonntag, Michael ; Nedomova, Lea, (2023), Seite 21-28</description><description descriptionType="Abstract">The progression through the COVID-19 pandemic in the recent years posed multiple challenges to societies, health systems, economies and policy makers. The lack of epidemiological data hindered decision-making and the implementation of evidence-based measures. In response to this, the SARSCoV-2 testing- and associated IT-infrastructure had to be enhanced quickly to adapt to the new scale of sample numbers. Therefore, we moved to expand and optimize our WGS and RT-PCR workflows required for high-throughput disease surveillance and outbreak investigation. Since the large amount of sequencing data generated by our pipeline required enhanced data processing and analysis abilities, we implemented a robust data management system. AGES as a key facility received funding by the Health Emergency Preparedness and Response Authority (HERA) of the European Union. We now apply the knowledge gained from this singular action in an international consortium of public health authorities in order to expand our molecular surveillance pipelines to a wider spectrum of candidate pathogens to improve cross-border preparedness for health emergencies.</description></descriptions><rightsList><rights rightsIdentifier="CC BY-NC-ND 4.0" rightsURI="https://creativecommons.org/licenses/by-nc-nd/4.0/legalcode" /></rightsList><resourceType resourceTypeGeneral="ConferencePaper" /></resource>