<resource xmlns:xsi="http://www.w3.org/2001/XMLSchema-instance" xsi:schemaLocation="http://datacite.org/schema/kernel-4 https://schema.datacite.org/meta/kernel-4.4/metadata.xsd" xmlns="http://datacite.org/schema/kernel-4"><dates><date dateType="Available">2023-08-29</date></dates><identifier identifierType="DOI">10.35011/IDIMT-2023-329</identifier><alternateIdentifiers><alternateIdentifier alternateIdentifierType="urn">urn:nbn:at:at-ubl:3-20770</alternateIdentifier></alternateIdentifiers><language>eng</language><creators><creator><creatorName nameType="Personal">Poll&#225;k, Franti&#353;ek</creatorName><givenName> Franti&#353;ek</givenName><familyName>Poll&#225;k</familyName><nameIdentifier nameIdentifierScheme="ORCID">https://orcid.org/0000-0001-6346-8629</nameIdentifier></creator><creator><creatorName nameType="Personal">Markovi&#269;, Peter</creatorName><givenName> Peter</givenName><familyName>Markovi&#269;</familyName><nameIdentifier nameIdentifierScheme="ORCID">https://orcid.org/0000-0003-3870-8082</nameIdentifier></creator><creator><creatorName nameType="Personal">Kalamen, Kristi&#225;n</creatorName><givenName> Kristi&#225;n</givenName><familyName>Kalamen</familyName><nameIdentifier nameIdentifierScheme="ORCID">https://orcid.org/0000-0003-0507-8619</nameIdentifier></creator></creators><titles><title>Online Reputation of Selected E-Commerce Entities Through the Lens of Pandemic and Post-Pandemic Comparison</title></titles><publisher>Trauner Verlag</publisher><publicationYear>2023</publicationYear><sizes><size /></sizes><descriptions><description descriptionType="SeriesInformation">IDIMT-2023 : New Challenges for ICT and Management; 31st Interdisciplinary Information Management Talks Sept. 6&#8211;8, 2023 Hradec Kr&#225;lov&#233;, Czech Republic / Doucek, Petr ; Sonntag, Michael ; Nedomova, Lea, (2023), Seite 329-336</description><description descriptionType="Abstract">The main goal of the contribution is to present the results of a comparative analysis of the development of the level of online reputation of the most important industry representatives from among the electronic commerce entities operating on the Slovak market across the individual phases of the pandemic. The reference point for comparison is the measured levels of individual determinants of online reputation for specific entities at the time of the outbreak of the COVID-19 pandemic in 2020. State values represent the levels of individual determinants of online reputation measured at the time of the lifting of the last pandemic-related restrictions in the second quarter of 2023. The same methodology of extended sentiment analysis was used for both measurements. By comparing two measurements, at the time of onset, and at the time of retreat of the COVID-19 pandemic, we find that most subjects notice a significant improvement in the basic sentiment level of search results within the Google ecosystem over the monitored period. On the other hand, however, the analyzed subjects recorded during pandemic a real decline in the dynamic side of online reputation created by reputation determinants of a more complex nature. The results indicate that from the point of view of basic online reputation optimization, it is possible to view the three years of the pandemic period as an accelerator of digital transformation. However, continuous research is needed to compile more complex development trends.</description></descriptions><rightsList><rights rightsIdentifier="CC BY-NC-ND 4.0" rightsURI="https://creativecommons.org/licenses/by-nc-nd/4.0/legalcode" /></rightsList><resourceType resourceTypeGeneral="ConferencePaper" /></resource>