<resource xmlns:xsi="http://www.w3.org/2001/XMLSchema-instance" xsi:schemaLocation="http://datacite.org/schema/kernel-4 https://schema.datacite.org/meta/kernel-4.4/metadata.xsd" xmlns="http://datacite.org/schema/kernel-4"><dates><date dateType="Available">2023-08-29</date></dates><identifier identifierType="DOI">10.35011/IDIMT-2023-39</identifier><alternateIdentifiers><alternateIdentifier alternateIdentifierType="urn">urn:nbn:at:at-ubl:3-20474</alternateIdentifier></alternateIdentifiers><language>eng</language><creators><creator><creatorName nameType="Personal">Geyer, Constanze</creatorName><givenName> Constanze</givenName><familyName>Geyer</familyName></creator><creator><creatorName nameType="Personal">Ringler, Gudrun</creatorName><givenName> Gudrun</givenName><familyName>Ringler</familyName></creator><creator><creatorName nameType="Personal">Aumayr, Georg</creatorName><givenName> Georg</givenName><familyName>Aumayr</familyName><nameIdentifier nameIdentifierScheme="ORCID">https://orcid.org/0000-0003-2783-5596</nameIdentifier></creator><creator><creatorName nameType="Personal">Sturm, Nadine</creatorName><givenName> Nadine</givenName><familyName>Sturm</familyName></creator></creators><titles><title>The Ethical Evaluation Standard for Security Research (EESSR) Model</title></titles><publisher>Trauner Verlag</publisher><publicationYear>2023</publicationYear><sizes><size /></sizes><descriptions><description descriptionType="SeriesInformation">IDIMT-2023 : New Challenges for ICT and Management; 31st Interdisciplinary Information Management Talks Sept. 6&#8211;8, 2023 Hradec Kr&#225;lov&#233;, Czech Republic / Doucek, Petr ; Sonntag, Michael ; Nedomova, Lea, (2023), Seite 39-48</description><description descriptionType="Abstract">The interaction between humans and technologies in the field of safety and security nowadays makes it crucial to identify ethical and data protection issues in time and - if necessary - to observe them and take measures. In order to be able to analyze technological systems from the beginning as well as during several development phases in a structured way, adequate tools are needed that also make it possible to give application-oriented recommendations. The EESSR model &#8211; derived 2019 from Manzeschke et al.&#8217;s MEESTAR (2013) &#8211; is able to meet these requirements, to create awareness and space for the topic of ethics. Furthermore, the use of the EESSR model in workshops can foster a common understanding of the overall project aim and provide an outlook for the application of the technology.</description></descriptions><rightsList><rights rightsIdentifier="CC BY-NC-ND 4.0" rightsURI="https://creativecommons.org/licenses/by-nc-nd/4.0/legalcode" /></rightsList><resourceType resourceTypeGeneral="ConferencePaper" /></resource>