<resource xmlns:xsi="http://www.w3.org/2001/XMLSchema-instance" xsi:schemaLocation="http://datacite.org/schema/kernel-4 https://schema.datacite.org/meta/kernel-4.4/metadata.xsd" xmlns="http://datacite.org/schema/kernel-4"><dates><date dateType="Available">2023-08-29</date></dates><identifier identifierType="DOI">10.35011/IDIMT-2023-151</identifier><alternateIdentifiers><alternateIdentifier alternateIdentifierType="urn">urn:nbn:at:at-ubl:3-20583</alternateIdentifier></alternateIdentifiers><language>eng</language><creators><creator><creatorName nameType="Personal">Kucht&#237;kov&#225;, Nikola</creatorName><givenName> Nikola</givenName><familyName>Kucht&#237;kov&#225;</familyName></creator><creator><creatorName nameType="Personal">Maryska, Milos</creatorName><givenName> Milos</givenName><familyName>Maryska</familyName><nameIdentifier nameIdentifierScheme="ORCID">https://orcid.org/0000-0003-2783-4657</nameIdentifier></creator></creators><titles><title>A Comparison of Cloud Computing vs Fog vs Edge for IIoT Sensors</title></titles><publisher>Trauner Verlag</publisher><publicationYear>2023</publicationYear><sizes><size /></sizes><descriptions><description descriptionType="SeriesInformation">IDIMT-2023 : New Challenges for ICT and Management; 31st Interdisciplinary Information Management Talks Sept. 6&#8211;8, 2023 Hradec Kr&#225;lov&#233;, Czech Republic / Doucek, Petr ; Sonntag, Michael ; Nedomova, Lea, (2023), Seite 151-160</description><description descriptionType="Abstract">Cloud computing describes the use of hardware and software delivered via the Internet. The field of cloud computing has been overgrowing rapidly for years, as more organizations seek to work remotely and is closely related to terms Industry 4.0 and smart factory technologies. The idea of Industry 4.0 includes the concept of the Industrial Internet of Things (IIoT) that is the possibility for industrial devices to have an Internet connection and share data obtained from endpoints like sensors. When organizations employ a lot of sensors, they want to avoid a significant increase in data transfer costs and a delay in response times. This is the reason why Fog and edge computing should be considered. This literature review paper provides comparison of selected computing models for use in specific IIoT sensors areas that is currently missing. This paper aims to map the differences between cloud, fog, and edge for IIoT sensor&#8217;s specific requirements and support strategic decisions when deciding how to implement IIoT sensors in selected industrial areas.</description></descriptions><rightsList><rights rightsIdentifier="CC BY-NC-ND 4.0" rightsURI="https://creativecommons.org/licenses/by-nc-nd/4.0/legalcode" /></rightsList><resourceType resourceTypeGeneral="ConferencePaper" /></resource>