<resource xmlns:xsi="http://www.w3.org/2001/XMLSchema-instance" xsi:schemaLocation="http://datacite.org/schema/kernel-4 https://schema.datacite.org/meta/kernel-4.4/metadata.xsd" xmlns="http://datacite.org/schema/kernel-4"><dates><date dateType="Available">2023-08-29</date></dates><identifier identifierType="DOI">10.35011/IDIMT-2023-81</identifier><alternateIdentifiers><alternateIdentifier alternateIdentifierType="urn">urn:nbn:at:at-ubl:3-20510</alternateIdentifier></alternateIdentifiers><language>eng</language><creators><creator><creatorName nameType="Personal">Espinoza, Felix</creatorName><givenName> Felix</givenName><familyName>Espinoza</familyName></creator><creator><creatorName nameType="Personal">Maryska, Milos</creatorName><givenName> Milos</givenName><familyName>Maryska</familyName><nameIdentifier nameIdentifierScheme="ORCID">https://orcid.org/0000-0003-2783-4657</nameIdentifier></creator><creator><creatorName nameType="Personal">Doucek, Petr</creatorName><givenName> Petr</givenName><familyName>Doucek</familyName><nameIdentifier nameIdentifierScheme="ORCID">https://orcid.org/0000-0002-5647-661X</nameIdentifier></creator><creator><creatorName nameType="Personal">Kov&#225;&#345;ova, Marie</creatorName><givenName> Marie</givenName><familyName>Kov&#225;&#345;ova</familyName></creator></creators><titles><title>DORA and NIS2 and their Impact on Database Security</title></titles><publisher>Trauner Verlag</publisher><publicationYear>2023</publicationYear><sizes><size /></sizes><descriptions><description descriptionType="SeriesInformation">IDIMT-2023 : New Challenges for ICT and Management; 31st Interdisciplinary Information Management Talks Sept. 6&#8211;8, 2023 Hradec Kr&#225;lov&#233;, Czech Republic / Doucek, Petr ; Sonntag, Michael ; Nedomova, Lea, (2023), Seite 81-88</description><description descriptionType="Abstract">In today's era, digital transformation has become an essential part of every business. With the increasing use of digital technologies, businesses are becoming more dependent on data. This dependency includes areas like from payment systems and online banking to algorithmic trading and risk management. Higher usage of IT technologies increases the risk of cyber-attacks, data breaches, and other security threats. In this article, we will compare the Digital Operational Resilience Act (DORA) and NIS2 and their impact on Database Security. The DORA will seek to harmonies digital resilience in the European Union through the introduction of requirements on ICT risk management and ICT-related incident reporting. Significant penalties can be imposed for non-compliance companies. Penalties can be presented as a periodic penalty payment of 1% of the average daily global turnover of the company in the previous business year. DORA applies to all financial entities in the EU and to the ICT providers servicing the industry.</description></descriptions><rightsList><rights rightsIdentifier="CC BY-NC-ND 4.0" rightsURI="https://creativecommons.org/licenses/by-nc-nd/4.0/legalcode" /></rightsList><resourceType resourceTypeGeneral="ConferencePaper" /></resource>