<resource xmlns:xsi="http://www.w3.org/2001/XMLSchema-instance" xsi:schemaLocation="http://datacite.org/schema/kernel-4 https://schema.datacite.org/meta/kernel-4.4/metadata.xsd" xmlns="http://datacite.org/schema/kernel-4"><dates><date dateType="Available">2023-08-29</date></dates><identifier identifierType="DOI">10.35011/IDIMT-2023-133</identifier><alternateIdentifiers><alternateIdentifier alternateIdentifierType="urn">urn:nbn:at:at-ubl:3-20569</alternateIdentifier></alternateIdentifiers><language>eng</language><creators><creator><creatorName nameType="Personal">Schoitsch, Erwin</creatorName><givenName> Erwin</givenName><familyName>Schoitsch</familyName></creator></creators><titles><title>Autonomous Systems and Smart Environments for a Sustainable Life</title></titles><publisher>Trauner Verlag</publisher><publicationYear>2023</publicationYear><sizes><size /></sizes><descriptions><description descriptionType="SeriesInformation">IDIMT-2023 : New Challenges for ICT and Management; 31st Interdisciplinary Information Management Talks Sept. 6&#8211;8, 2023 Hradec Kr&#225;lov&#233;, Czech Republic / Doucek, Petr ; Sonntag, Michael ; Nedomova, Lea, (2023), Seite 133-142</description><description descriptionType="Abstract">Sustainability and Resilience of Economy and Society are one of the possible benefits which can result from the smart technologies on which the paradigm of &#8220;Society 5.0&#8221; is based. Smart technologies are the drivers of economic and societal disruptive changes and a chance to shape our future in a beneficial way as enablers of a sustainable, &#8220;green&#8221; world. The European &#8220;Green Deal&#8221; and the European Values of human rights, ethical considerations and societal inclusion are foundation for an update of the Japanese-proposed &#8220;Society 5.0&#8221; and a &#8220;European-type&#8221; of implementation of the 17 UN SDGs (Sustainable Development Goals) as a way (contribution) to resolve the current crisis (climate change, aging society, shortage of critical resources resulting in critical dependencies, unbalanced world economy and powers). The paper will show an example which demonstrates mitigation of these risks by smart technologies and high automation including autonomous systems and building of smart environments.</description></descriptions><rightsList><rights rightsIdentifier="CC BY-NC-ND 4.0" rightsURI="https://creativecommons.org/licenses/by-nc-nd/4.0/legalcode" /></rightsList><resourceType resourceTypeGeneral="ConferencePaper" /></resource>