<resource xmlns:xsi="http://www.w3.org/2001/XMLSchema-instance" xsi:schemaLocation="http://datacite.org/schema/kernel-4 https://schema.datacite.org/meta/kernel-4.4/metadata.xsd" xmlns="http://datacite.org/schema/kernel-4"><dates><date dateType="Available">2023-08-29</date></dates><identifier identifierType="DOI">10.35011/IDIMT-2023-169</identifier><alternateIdentifiers><alternateIdentifier alternateIdentifierType="urn">urn:nbn:at:at-ubl:3-20600</alternateIdentifier></alternateIdentifiers><language>eng</language><creators><creator><creatorName nameType="Personal">Danel, Roman</creatorName><givenName> Roman</givenName><familyName>Danel</familyName><nameIdentifier nameIdentifierScheme="ORCID">https://orcid.org/0000-0001-9333-0567</nameIdentifier></creator><creator><creatorName nameType="Personal">Harni&#269;&#225;rov&#225;, Marta</creatorName><givenName> Marta</givenName><familyName>Harni&#269;&#225;rov&#225;</familyName><nameIdentifier nameIdentifierScheme="ORCID">https://orcid.org/0000-0002-8384-721X</nameIdentifier></creator><creator><creatorName nameType="Personal">Khalilia, Walid</creatorName><givenName> Walid</givenName><familyName>Khalilia</familyName><nameIdentifier nameIdentifierScheme="ORCID">https://orcid.org/0000-0001-8952-5628</nameIdentifier></creator><creator><creatorName nameType="Personal">Palkov&#225;, Zuzana</creatorName><givenName> Zuzana</givenName><familyName>Palkov&#225;</familyName><nameIdentifier nameIdentifierScheme="ORCID">https://orcid.org/0000-0002-5782-8656</nameIdentifier></creator><creator><creatorName nameType="Personal">Hardan, Khalid</creatorName><givenName> Khalid</givenName><familyName>Hardan</familyName></creator><creator><creatorName nameType="Personal">Tamini, Talat</creatorName><givenName> Talat</givenName><familyName>Tamini</familyName></creator><creator><creatorName nameType="Personal">Istaitih, Yahya</creatorName><givenName> Yahya</givenName><familyName>Istaitih</familyName><nameIdentifier nameIdentifierScheme="ORCID">https://orcid.org/0000-0003-2263-3741</nameIdentifier></creator><creator><creatorName nameType="Personal">Val&#237;&#269;ek, Jan</creatorName><givenName> Jan</givenName><familyName>Val&#237;&#269;ek</familyName><nameIdentifier nameIdentifierScheme="ORCID">https://orcid.org/0000-0002-5283-5208</nameIdentifier></creator><creator><creatorName nameType="Personal">&#344;epka, Michal</creatorName><givenName> Michal</givenName><familyName>&#344;epka</familyName><nameIdentifier nameIdentifierScheme="ORCID">https://orcid.org/0000-0003-0321-6117</nameIdentifier></creator></creators><titles><title>ERASMUS+ Project 'BENEFIT'</title><title titleType="Subtitle">Boosting Innovation in Digital Farming</title></titles><publisher>Trauner Verlag</publisher><publicationYear>2023</publicationYear><sizes><size /></sizes><descriptions><description descriptionType="SeriesInformation">IDIMT-2023 : New Challenges for ICT and Management; 31st Interdisciplinary Information Management Talks Sept. 6&#8211;8, 2023 Hradec Kr&#225;lov&#233;, Czech Republic / Doucek, Petr ; Sonntag, Michael ; Nedomova, Lea, (2023), Seite 169-176</description><description descriptionType="Abstract">The article presents the Erasmus+ project BENEFIT implemented from 2020 to 2023 as an example of cooperation between universities in the European Union and Palestine. The key objective of the project was to support digital farms and the application of smart technologies in precision agriculture. The project was primarily focused on the university sphere, so one of the main outputs was the preparation of study courses related to precision agriculture at Palestinian universities, where European partners oversaw evaluation to ensure the courses met modern education quality requirements. The project also included developing new technologies and transferring ideas and solutions to the commercial sphere. This paper is focused on the part of the project solved at V&#352;TE in &#268;esk&#233; Bud&#283;jovice. Among other things, V&#352;TE analysed successful digital farm solutions in the Czech Republic and supervised some of the prepared training courses. As part of the project solution, a scientific meeting was also held in Prague in September 2022, where the method of aquaponics fish farming combined with the cultivation of useful plants (Aquaponia Hostomice) was presented to the Palestinian participants.</description></descriptions><rightsList><rights rightsIdentifier="CC BY-NC-ND 4.0" rightsURI="https://creativecommons.org/licenses/by-nc-nd/4.0/legalcode" /></rightsList><resourceType resourceTypeGeneral="ConferencePaper" /></resource>