<resource xmlns:xsi="http://www.w3.org/2001/XMLSchema-instance" xsi:schemaLocation="http://datacite.org/schema/kernel-4 https://schema.datacite.org/meta/kernel-4.4/metadata.xsd" xmlns="http://datacite.org/schema/kernel-4"><dates><date dateType="Available">2023-08-29</date></dates><identifier identifierType="DOI">10.35011/IDIMT-2023-365</identifier><alternateIdentifiers><alternateIdentifier alternateIdentifierType="urn">urn:nbn:at:at-ubl:3-20826</alternateIdentifier></alternateIdentifiers><language>eng</language><creators><creator><creatorName nameType="Personal">Katren&#269;&#237;k, Ivan</creatorName><givenName> Ivan</givenName><familyName>Katren&#269;&#237;k</familyName><nameIdentifier nameIdentifierScheme="ORCID">https://orcid.org/0000-0002-0313-6806</nameIdentifier></creator><creator><creatorName nameType="Personal">Mucha, Boris</creatorName><givenName> Boris</givenName><familyName>Mucha</familyName><nameIdentifier nameIdentifierScheme="ORCID">https://orcid.org/0000-0002-9310-118X</nameIdentifier></creator><creator><creatorName nameType="Personal">Zatrochov&#225;, Monika</creatorName><givenName> Monika</givenName><familyName>Zatrochov&#225;</familyName><nameIdentifier nameIdentifierScheme="ORCID">https://orcid.org/0000-0002-7198-0988</nameIdentifier></creator></creators><titles><title>Ethical Implications of Artificial Intelligence Data Usage</title><title titleType="Subtitle">a Case Study of Slovakia and Global Perspectives</title></titles><publisher>Trauner Verlag</publisher><publicationYear>2023</publicationYear><sizes><size /></sizes><descriptions><description descriptionType="SeriesInformation">IDIMT-2023 : New Challenges for ICT and Management; 31st Interdisciplinary Information Management Talks Sept. 6&#8211;8, 2023 Hradec Kr&#225;lov&#233;, Czech Republic / Doucek, Petr ; Sonntag, Michael ; Nedomova, Lea, (2023), Seite 365-372</description><description descriptionType="Abstract">Artificial intelligence (AI) is becoming increasingly integrated into various aspects of our lives, from personal assistants to self-driving cars. With this integration comes the ethical responsibility of how AI data is collected, stored, and used. In Slovakia and around the world, there are ongoing debates about who owns the data created by AI, with some arguing that it should be owned by the individuals or organizations that produced it and others arguing that it should be treated as a public good. There are also concerns about bias and discrimination in AI data and algorithms, as well as the potential for AI to be used for harmful purposes. As the use of AI continues to grow, it is important to address these ethical issues and ensure that AI is developed and used in a way that aligns with our societal values and principles. In Slovakia, there is currently no specific legislation governing the use of AI, although the General Data Protection Regulation (GDPR) provides some guidance on data privacy. However, there is a need for further discussion and regulation on the ethical use of AI data, especially as the technology continues to advance. This paper will explore the ethical aspects of using AI data in Slovakia and around the world, including ownership, bias and discrimination, and potential harms, and discuss potential solutions and frameworks for addressing these issues.</description></descriptions><rightsList><rights rightsIdentifier="CC BY-NC-ND 4.0" rightsURI="https://creativecommons.org/licenses/by-nc-nd/4.0/legalcode" /></rightsList><resourceType resourceTypeGeneral="ConferencePaper" /></resource>