<resource xmlns:xsi="http://www.w3.org/2001/XMLSchema-instance" xsi:schemaLocation="http://datacite.org/schema/kernel-4 https://schema.datacite.org/meta/kernel-4.4/metadata.xsd" xmlns="http://datacite.org/schema/kernel-4"><dates><date dateType="Available">2023-08-29</date></dates><identifier identifierType="DOI">10.35011/IDIMT-2023-121</identifier><alternateIdentifiers><alternateIdentifier alternateIdentifierType="urn">urn:nbn:at:at-ubl:3-20558</alternateIdentifier></alternateIdentifiers><language>eng</language><creators><creator><creatorName nameType="Personal">&#352;t&#283;p&#225;nek, Lubom&#237;r</creatorName><givenName> Lubom&#237;r</givenName><familyName>&#352;t&#283;p&#225;nek</familyName></creator><creator><creatorName nameType="Personal">Habarta, Filip</creatorName><givenName> Filip</givenName><familyName>Habarta</familyName></creator><creator><creatorName nameType="Personal">Mal&#225;, Ivana</creatorName><givenName> Ivana</givenName><familyName>Mal&#225;</familyName></creator><creator><creatorName nameType="Personal">Marek, Lubo&#353;</creatorName><givenName> Lubo&#353;</givenName><familyName>Marek</familyName></creator></creators><titles><title>"You Cannot be Both a Good Educator and a Good Researcher"</title><title titleType="Subtitle">Data-Supported Contributions and Comments on the Big Question</title></titles><publisher>Trauner Verlag</publisher><publicationYear>2023</publicationYear><sizes><size /></sizes><descriptions><description descriptionType="SeriesInformation">IDIMT-2023 : New Challenges for ICT and Management; 31st Interdisciplinary Information Management Talks Sept. 6&#8211;8, 2023 Hradec Kr&#225;lov&#233;, Czech Republic / Doucek, Petr ; Sonntag, Michael ; Nedomova, Lea, (2023), Seite 121-130</description><description descriptionType="Abstract">The big question on whether a good researcher could hardly be also a good educator since they &lt;br /&gt;dispose with only limited time and have to decide which of the two fields, i.e., teaching or research, &lt;br /&gt;focus on, or, on the other hand, a good researcher can also be a good teacher just because of the &lt;br /&gt;doing research, advanced concepts&#8217; understanding and improving their explanation skills, is not &lt;br /&gt;clear for the first impression. References clarifying the question are usually missing or conclude &lt;br /&gt;various or ambiguous answers. In this study, we collected large data from student inquiry by which college students from the First Faculty of Medicine, Charles University, evaluate educators at the faculty on an annual basis. The inquiry data comes from the years 2019-2022, i.e., both pre-covid, covid, and post-covid eras, respectively. During the same years, we collected numerous data about educators&#8217; research outcomes from the internal database &#8220;V&#282;DA&#8221; (i.e., SCIENCE) of Charles University, connected to Web of Science, Scopus, and other scientific databases. We model relationships between educators&#8217; ratings of classes they teach, number of publications, number of impacted publications, number of book-like publications, and number of first-authorship, respectively, for each year. While the publication of a paper is usually positively correlated with better evaluation by students, real&#8209;time&#8209;takers such as a book or textbook authorship or multiple first authorship of an article are correlated rather with negative students&#8217; evaluation. Some of the results are consistent over pre-, covid, and post-covid times; some changed significantly, likely, besides others, due to COVID-19&#8217;s effects on professional activities. Since we received multiple and various results, we do not demolish the myth from the title; we rather comment on them from a managerial point of view, too.</description></descriptions><rightsList><rights rightsIdentifier="CC BY-NC-ND 4.0" rightsURI="https://creativecommons.org/licenses/by-nc-nd/4.0/legalcode" /></rightsList><resourceType resourceTypeGeneral="ConferencePaper" /></resource>