<resource xmlns:xsi="http://www.w3.org/2001/XMLSchema-instance" xsi:schemaLocation="http://datacite.org/schema/kernel-4 https://schema.datacite.org/meta/kernel-4.4/metadata.xsd"
    xmlns="http://datacite.org/schema/kernel-4">
    <dates>
        <date dateType="Available">2023-08-29</date>
    </dates>
    <identifier identifierType="DOI">10.35011/IDIMT-2023-51</identifier>
    <alternateIdentifiers>
        <alternateIdentifier alternateIdentifierType="urn">urn:nbn:at:at-ubl:3-20488</alternateIdentifier>
    </alternateIdentifiers>
    <language>eng</language>
    <creators>
        <creator>
            <creatorName nameType="Personal">Sonntag, Michael</creatorName>
            <givenName> Michael</givenName>
            <familyName>Sonntag</familyName>
            <nameIdentifier nameIdentifierScheme="ORCID">https://orcid.org/0000-0002-2506-2350</nameIdentifier>
        </creator>
        <creator>
            <creatorName nameType="Personal">Schraml, Stephan</creatorName>
            <givenName> Stephan</givenName>
            <familyName>Schraml</familyName>
            <nameIdentifier nameIdentifierScheme="ORCID">https://orcid.org/0000-0002-3915-204X</nameIdentifier>
        </creator>
    </creators>
    <titles>
        <title>An Evidence Collection System for Robot-Supported Inspection of Critical Infrastructure</title>
    </titles>
    <publisher>Trauner Verlag</publisher>
    <publicationYear>2023</publicationYear>
    <sizes>
        <size />
    </sizes>
    <descriptions>
        <description descriptionType="SeriesInformation">IDIMT-2023 : New Challenges for ICT and Management; 31st Interdisciplinary Information Management Talks Sept. 6&#8211;8, 2023 Hradec Kr&#225;lov&#233;, Czech Republic / Doucek, Petr ; Sonntag, Michael ; Nedomova, Lea, (2023), Seite 51-62</description>
        <description descriptionType="Abstract">In many sectors, it is necessary to collect evidence in advance, as it may be needed later. While evidence in law enforcement is collected after a crime has occurred to solve it, it needs to be collected in commercial systems in advance to avoid potential future disputes. But can existing data (in the rare case it is needed as such) serve as credible and useful evidence? In this paper we describe the design of a system to collect data for potential use as proof that inspections of critical infrastructure (in this case cable ducts) took place and that certain alarms about potential problems did (or did not) occur. The system consists of two parts, a mobile robot, and a base station. Data needs to be collected independently in both parts and combined later to be able to serve as evidence.</description>
    </descriptions>
    <rightsList>
        <rights rightsIdentifier="CC BY-NC-ND 4.0" rightsURI="https://creativecommons.org/licenses/by-nc-nd/4.0/legalcode" />
    </rightsList>
    <resourceType resourceTypeGeneral="ConferencePaper" />
</resource>