<resource xmlns:xsi="http://www.w3.org/2001/XMLSchema-instance" xsi:schemaLocation="http://datacite.org/schema/kernel-4 https://schema.datacite.org/meta/kernel-4.4/metadata.xsd" xmlns="http://datacite.org/schema/kernel-4"><dates><date dateType="Available">2023-08-29</date></dates><identifier identifierType="DOI">10.35011/IDIMT-2023-89</identifier><alternateIdentifiers><alternateIdentifier alternateIdentifierType="urn">urn:nbn:at:at-ubl:3-20524</alternateIdentifier></alternateIdentifiers><language>eng</language><creators><creator><creatorName nameType="Personal">Hu&#269;kov&#225;, Regina</creatorName><givenName> Regina</givenName><familyName>Hu&#269;kov&#225;</familyName><nameIdentifier nameIdentifierScheme="ORCID">https://orcid.org/0000-0003-4731-0770</nameIdentifier></creator><creator><creatorName nameType="Personal">Bach&#328;&#225;kov&#225; R&#243;zenfeldov&#225;, Laura</creatorName><givenName> Laura</givenName><familyName>Bach&#328;&#225;kov&#225; R&#243;zenfeldov&#225;</familyName><nameIdentifier nameIdentifierScheme="ORCID">https://orcid.org/0000-0002-7111-9565</nameIdentifier></creator><creator><creatorName nameType="Personal">Sokol, Pavol</creatorName><givenName> Pavol</givenName><familyName>Sokol</familyName><nameIdentifier nameIdentifierScheme="ORCID">https://orcid.org/0000-0002-1967-8802</nameIdentifier></creator><creator><creatorName nameType="Personal">Bri&#353;k&#225;rov&#225;, So&#328;a</creatorName><givenName> So&#328;a</givenName><familyName>Bri&#353;k&#225;rov&#225;</familyName></creator></creators><titles><title>Cybersecurity Contracts</title><title titleType="Subtitle">a critical review</title></titles><publisher>Trauner Verlag</publisher><publicationYear>2023</publicationYear><sizes><size /></sizes><descriptions><description descriptionType="SeriesInformation">IDIMT-2023 : New Challenges for ICT and Management; 31st Interdisciplinary Information Management Talks Sept. 6&#8211;8, 2023 Hradec Kr&#225;lov&#233;, Czech Republic / Doucek, Petr ; Sonntag, Michael ; Nedomova, Lea, (2023), Seite 89-100</description><description descriptionType="Abstract">The essence of cybersecurity is to ensure the confidentiality, integrity, and availability of an organization's assets. This paper critically reviews contractual relationships concluded in cybersecurity, explicitly focusing on contracts between state-related actors and private providers. The authors aim to consider the nature of the contracts concluded and the application of selected legal institutes, from which certain conclusions regarding the practice of subjects operating in this area can be inferred. The conclusions presented in this paper are based on the analysis of 158 contracts concluded between Slovak public authorities and private providers in the period 2020-2023. The authors identify several areas for improvement in regulating these contractual relationships, including issues related to the pricing, content of services, liability limitation, and sharing of sensitive data.</description></descriptions><rightsList><rights rightsIdentifier="CC BY-NC-ND 4.0" rightsURI="https://creativecommons.org/licenses/by-nc-nd/4.0/legalcode" /></rightsList><resourceType resourceTypeGeneral="ConferencePaper" /></resource>