<resource xmlns:xsi="http://www.w3.org/2001/XMLSchema-instance" xsi:schemaLocation="http://datacite.org/schema/kernel-4 https://schema.datacite.org/meta/kernel-4.4/metadata.xsd" xmlns="http://datacite.org/schema/kernel-4"><dates><date dateType="Available">2023-08-29</date></dates><identifier identifierType="DOI">10.35011/IDIMT-2023-235</identifier><alternateIdentifiers><alternateIdentifier alternateIdentifierType="urn">urn:nbn:at:at-ubl:3-20675</alternateIdentifier></alternateIdentifiers><language>eng</language><creators><creator><creatorName nameType="Personal">Potan&#269;ok, Martin</creatorName><givenName> Martin</givenName><familyName>Potan&#269;ok</familyName><nameIdentifier nameIdentifierScheme="ORCID">https://orcid.org/0000-0002-7613-9290</nameIdentifier></creator><creator><creatorName nameType="Personal">Radv&#225;kov&#225;, V&#283;ra</creatorName><givenName> V&#283;ra</givenName><familyName>Radv&#225;kov&#225;</familyName></creator></creators><titles><title>The Topic of AI Chatbots in Higher Education</title></titles><publisher>Trauner Verlag</publisher><publicationYear>2023</publicationYear><sizes><size /></sizes><descriptions><description descriptionType="SeriesInformation">IDIMT-2023 : New Challenges for ICT and Management; 31st Interdisciplinary Information Management Talks Sept. 6&#8211;8, 2023 Hradec Kr&#225;lov&#233;, Czech Republic / Doucek, Petr ; Sonntag, Michael ; Nedomova, Lea, (2023), Seite 235-240</description><description descriptionType="Abstract">During this academic year, text-generating chatbots are becoming very popular among university students. One particularly popular chatbot is ChatGPT. The aim of this paper is to find out to what extent students of the Faculty of Informatics and Statistics (FIS) of the Prague University of Economics and Business (V&#352;E) specifically deal with this issue, for what purposes they use AI chatbots and, above all, whether they have already used AI chatbots for study purposes and what they see as the potential of this rapidly developing technology for the educational process. The authors draw on data collected in a questionnaire survey of undergraduate and graduate students. The area of cyber-security, liability and how to verify the data thus obtained were also important considerations. The authors also used the method of observation and their own teaching experience at the university as part of the research investigation. They point to the fact that the current development of artificial intelligence further exacerbates the disparity between the inflexible educational system in the Czech Republic and the rapid development of the information society.</description></descriptions><rightsList><rights rightsIdentifier="CC BY-NC-ND 4.0" rightsURI="https://creativecommons.org/licenses/by-nc-nd/4.0/legalcode" /></rightsList><resourceType resourceTypeGeneral="ConferencePaper" /></resource>