<resource xmlns:xsi="http://www.w3.org/2001/XMLSchema-instance" xsi:schemaLocation="http://datacite.org/schema/kernel-4 https://schema.datacite.org/meta/kernel-4.4/metadata.xsd" xmlns="http://datacite.org/schema/kernel-4"><dates><date dateType="Available">2023-08-29</date></dates><identifier identifierType="DOI">10.35011/IDIMT-2023-391</identifier><alternateIdentifiers><alternateIdentifier alternateIdentifierType="urn">urn:nbn:at:at-ubl:3-20859</alternateIdentifier></alternateIdentifiers><language>eng</language><creators><creator><creatorName nameType="Personal">Bikila, Dawit Dejene</creatorName><givenName> Dawit Dejene</givenName><familyName>Bikila</familyName><nameIdentifier nameIdentifierScheme="ORCID">https://orcid.org/0000-0002-3159-1531</nameIdentifier></creator></creators><titles><title>Deep Learning for Cyber Security in the Internet of Things (IOT) Network</title></titles><publisher>Trauner Verlag</publisher><publicationYear>2023</publicationYear><sizes><size /></sizes><descriptions><description descriptionType="SeriesInformation">IDIMT-2023 : New Challenges for ICT and Management; 31st Interdisciplinary Information Management Talks Sept. 6&#8211;8, 2023 Hradec Kr&#225;lov&#233;, Czech Republic / Doucek, Petr ; Sonntag, Michael ; Nedomova, Lea, (2023), Seite 391-398</description><description descriptionType="Abstract">The Internet of Things (IoT) is a swiftly evolving paradigm having the potential to transform the physical interaction between individuals and organizations. IoT has applications in multiple fields such as healthcare, education, resource management, and information processing to name a few. Many organizations rely greatly on technology, and most are changing their process into intelligent or smart solutions. Moreover, these networks are wireless, self-configuring, do not need preexisting infrastructure, and have a large unpredictable node movement; security becomes one of the most crucial concerns that need to be addressed. In this paper, we proposed an intrusion prevention method that uses a federated deep learning-based framework. A real IoT traffic dataset will be used to train the state-of-the-art graph neural network algorithm. A comparison will be carried out based on different experimental results. Finally, this work contributes to the security of IoT networks through the implementation of effective tools/techniques for timely IoT attack classification and mitigation.</description></descriptions><rightsList><rights rightsIdentifier="CC BY-NC-ND 4.0" rightsURI="https://creativecommons.org/licenses/by-nc-nd/4.0/legalcode" /></rightsList><resourceType resourceTypeGeneral="ConferencePaper" /></resource>