<resource xmlns:xsi="http://www.w3.org/2001/XMLSchema-instance" xsi:schemaLocation="http://datacite.org/schema/kernel-4 https://schema.datacite.org/meta/kernel-4.4/metadata.xsd" xmlns="http://datacite.org/schema/kernel-4"><dates><date dateType="Available">2023-08-29</date></dates><identifier identifierType="DOI">10.35011/IDIMT-2023-357</identifier><alternateIdentifiers><alternateIdentifier alternateIdentifierType="urn">urn:nbn:at:at-ubl:3-20813</alternateIdentifier></alternateIdentifiers><language>eng</language><creators><creator><creatorName nameType="Personal">Lisnik, Anton</creatorName><givenName> Anton</givenName><familyName>Lisnik</familyName></creator><creator><creatorName nameType="Personal">Kuperova, Martina</creatorName><givenName> Martina</givenName><familyName>Kuperova</familyName><nameIdentifier nameIdentifierScheme="ORCID">https://orcid.org/0000-0001-8187-4997</nameIdentifier></creator></creators><titles><title>Ethical Aspects of Working with Data</title></titles><publisher>Trauner Verlag</publisher><publicationYear>2023</publicationYear><sizes><size /></sizes><descriptions><description descriptionType="SeriesInformation">IDIMT-2023 : New Challenges for ICT and Management; 31st Interdisciplinary Information Management Talks Sept. 6&#8211;8, 2023 Hradec Kr&#225;lov&#233;, Czech Republic / Doucek, Petr ; Sonntag, Michael ; Nedomova, Lea, (2023), Seite 357-364</description><description descriptionType="Abstract">New software capabilities have brought new freedom and new possibilities to mankind. The virtual interface is also a platform for collecting information and working with it. The paper asks him where and in what ways the boundary of ethics is established.</description></descriptions><rightsList><rights rightsIdentifier="CC BY-NC-ND 4.0" rightsURI="https://creativecommons.org/licenses/by-nc-nd/4.0/legalcode" /></rightsList><resourceType resourceTypeGeneral="ConferencePaper" /></resource>